campaign_id,customer_id,campaign_date,channel,campaign_type,region,age,age_segment,gender,previous_spend,spend_tier,budget,duration_days,impressions,clicks,conversions,revenue,ctr,conversion_rate,roi
CMP-008,CUST-0001,2025-05-20,Email,Consideration,South,37,35-44,Male,356.91,Medium,3213.89,7,62085,3013,159,22142.02,0.0485,0.0528,5.8895
CMP-035,CUST-0002,2025-06-28,Social Media,Consideration,East,34,25-34,Male,540.21,High,2000.22,21,58097,1815,109,5821.44,0.0312,0.0601,1.9104
CMP-030,CUST-0003,2025-04-03,Paid Search,Conversion,West,42,35-44,Male,203.94,Medium,1282.6,30,35737,2020,216,42296.84,0.0565,0.1069,31.9774
CMP-024,CUST-0004,2025-06-12,Email,Consideration,East,29,25-34,Female,368.79,Medium,2940.58,10,92612,2839,185,28827.28,0.0307,0.0652,8.8033
CMP-021,CUST-0005,2025-01-17,Display Ads,Conversion,South,42,35-44,Female,1081.22,VIP,4778.71,10,164751,1586,75,9306.49,0.0096,0.0473,0.9475
CMP-010,CUST-0006,2025-05-30,Social Media,Consideration,Central,18,18-24,Female,467.98,Medium,2105.68,21,105579,3079,128,17275.03,0.0292,0.0416,7.204
CMP-011,CUST-0007,2025-03-06,Display Ads,Consideration,North,22,18-24,Female,117.26,Low,4524.78,30,73793,1324,56,6050.65,0.0179,0.0423,0.3372
CMP-008,CUST-0008,2025-05-09,Social Media,Awareness,North,55,55+,Female,145.66,Low,2812.26,10,67699,1887,83,10402.48,0.0279,0.044,2.699
CMP-011,CUST-0009,2025-01-29,Paid Search,Conversion,Central,46,45-54,Female,265.24,Medium,4611.8,14,267953,11903,617,111056.43,0.0444,0.0518,23.0809
CMP-035,CUST-0010,2025-06-05,Display Ads,Awareness,West,40,35-44,Male,182.03,Low,5027.16,21,235721,3382,129,20076.43,0.0143,0.0381,2.9936
CMP-024,CUST-0011,2025-05-22,Social Media,Retargeting,North,34,25-34,Female,109.9,Low,3203.93,10,66047,2282,163,8197.31,0.0346,0.0714,1.5585
CMP-033,CUST-0012,2025-05-28,Social Media,Retargeting,South,18,18-24,Male,196.7,Low,1528.54,21,55069,1610,84,10336.61,0.0292,0.0522,5.7624
CMP-004,CUST-0013,2025-01-28,Paid Search,Conversion,North,50,45-54,Male,61.11,Low,1279.21,10,53936,3174,213,25279.67,0.0588,0.0671,18.7619
CMP-035,CUST-0014,2025-04-13,Display Ads,Conversion,South,40,35-44,Female,108.78,Low,1148.49,7,16355,299,19,3159.42,0.0183,0.0635,1.7509
CMP-036,CUST-0015,2025-05-19,Paid Search,Retargeting,South,25,25-34,Male,139.27,Low,3977.68,7,105518,8528,836,122795.48,0.0808,0.098,29.8711
CMP-005,CUST-0016,2025-01-11,Paid Search,Consideration,North,47,45-54,Male,371.82,Medium,747.62,30,41451,1934,107,9511.12,0.0467,0.0553,11.7219
CMP-017,CUST-0017,2025-01-03,Social Media,Retargeting,East,18,18-24,Male,130.79,Low,3362.62,21,117358,4260,341,35540.32,0.0363,0.08,9.5692
CMP-005,CUST-0018,2025-06-17,Display Ads,Consideration,Unknown,21,18-24,Female,87.21,Low,387.94,30,14235,235,8,1259.91,0.0165,0.034,2.2477
CMP-018,CUST-0019,2025-05-06,Social Media,Awareness,East,38,35-44,Female,343.45,Medium,4740.88,14,209416,8704,411,37498.82,0.0416,0.0472,6.9097
CMP-029,CUST-0020,2025-02-08,Paid Search,Consideration,North,54,45-54,Male,152.1,Low,524.74,30,21667,1512,89,5035.08,0.0698,0.0589,8.5954
CMP-007,CUST-0021,2025-03-02,Social Media,Retargeting,West,52,45-54,Male,466.53,Medium,5084.6,10,291442,8767,480,76376.12,0.0301,0.0548,14.0211
CMP-007,CUST-0022,2025-03-20,Social Media,Awareness,West,37,35-44,Female,464.98,Medium,1431.18,10,61417,2749,109,6610.47,0.0448,0.0397,3.6189
CMP-033,CUST-0023,2025-03-08,Social Media,Conversion,Central,32,25-34,Male,520.03,High,3165.86,10,150750,5043,353,29835.39,0.0335,0.07,8.4241
CMP-033,CUST-0024,2025-05-18,Email,Conversion,South,33,25-34,Female,1336.47,VIP,2116.47,10,54459,3297,240,19346.79,0.0605,0.0728,8.1411
CMP-020,CUST-0025,2025-04-18,Social Media,Retargeting,East,26,25-34,Female,218.16,Medium,3634.99,21,204353,7232,631,69029.05,0.0354,0.0873,17.9902
CMP-021,CUST-0026,2025-02-13,Social Media,Consideration,South,18,18-24,Male,164.89,Low,1726.36,7,80464,2504,88,14000.44,0.0311,0.0351,7.1098
CMP-013,CUST-0027,2025-06-11,Email,Awareness,West,19,18-24,Female,398.98,Medium,1293.01,30,66639,2272,81,9938.31,0.0341,0.0357,6.6862
CMP-028,CUST-0028,2025-02-01,Email,Conversion,Central,20,18-24,Male,487.44,Medium,996.69,21,41852,2000,125,10128.46,0.0478,0.0625,9.1621
CMP-033,CUST-0029,2025-03-08,Social Media,Conversion,West,48,45-54,Female,206.42,Medium,4423.34,10,144376,3610,225,19285.36,0.025,0.0623,3.3599
CMP-016,CUST-0030,2025-02-09,Social Media,Consideration,Central,39,35-44,Female,91.86,Low,661.51,10,23330,792,39,3156.22,0.0339,0.0492,3.7712
CMP-002,CUST-0031,2025-04-10,Display Ads,Conversion,West,18,18-24,Female,153.24,Low,2960.37,21,121518,1961,115,11736.01,0.0161,0.0586,2.9644
CMP-025,CUST-0032,2025-06-09,Social Media,Retargeting,West,30,25-34,Male,113.21,Low,480.79,30,16827,314,21,2542.22,0.0187,0.0669,4.2876
CMP-004,CUST-0033,2025-04-18,Social Media,Consideration,West,25,25-34,Female,184.75,Low,4399.32,14,178189,7582,352,55998.32,0.0426,0.0464,11.7289
CMP-003,CUST-0034,2025-05-02,Display Ads,Conversion,South,42,35-44,Female,467.51,Medium,3085.25,7,70676,784,49,3683.12,0.0111,0.0625,0.1938
CMP-008,CUST-0035,2025-06-23,Display Ads,Awareness,East,35,35-44,Female,835.41,High,2273.77,21,70235,1086,45,6434.14,0.0155,0.0414,1.8297
CMP-008,CUST-0036,2025-05-10,Display Ads,Retargeting,North,27,25-34,Female,687.15,High,411.36,14,11274,201,13,1125.14,0.0178,0.0647,1.7352
CMP-010,CUST-0037,2025-04-30,Social Media,Conversion,East,18,18-24,Male,161.11,Low,4354.81,21,170865,3669,222,34844.79,0.0215,0.0605,7.0014
CMP-030,CUST-0038,2025-02-24,Paid Search,Retargeting,East,55,55+,Female,254.48,Medium,4219.49,14,187850,10520,1108,101024.38,0.056,0.1053,22.9423
CMP-031,CUST-0039,2025-03-20,Paid Search,Retargeting,North,40,35-44,Male,190.75,Low,2139.75,30,99460,5616,780,102677.12,0.0565,0.1389,46.9856
CMP-020,CUST-0040,2025-06-26,Social Media,Awareness,South,26,25-34,Male,496.77,Medium,1278.97,10,55974,2386,101,13686.06,0.0426,0.0423,9.7008
CMP-024,CUST-0041,2025-03-16,Email,Awareness,Central,36,35-44,Female,259.42,Medium,3443.67,10,159668,7529,247,22815.02,0.0472,0.0328,5.6252
CMP-004,CUST-0042,2025-06-11,Social Media,Conversion,North,38,35-44,Female,307.35,Medium,1085.88,7,63593,1627,104,9051.43,0.0256,0.0639,7.3356
CMP-015,CUST-0043,2025-05-26,Display Ads,Consideration,West,29,25-34,Female,194.5,Low,642.12,30,24116,463,24,2854.52,0.0192,0.0518,3.4455
CMP-016,CUST-0044,2025-01-09,Email,Awareness,North,19,18-24,Female,63.36,Low,1747.31,10,66277,3527,117,8273.2,0.0532,0.0332,3.7348
CMP-013,CUST-0045,2025-02-12,Social Media,Retargeting,South,51,45-54,Female,177.35,Low,3235.96,14,189766,4711,298,35634.79,0.0248,0.0633,10.0121
CMP-018,CUST-0046,2025-06-04,Social Media,Retargeting,North,18,18-24,Male,717.62,High,475.44,14,14043,329,28,3198.05,0.0234,0.0851,5.7265
CMP-012,CUST-0047,2025-05-06,Social Media,Retargeting,East,40,35-44,Male,215.87,Medium,2629.55,7,85525,3462,269,19943.05,0.0405,0.0777,6.5842
CMP-026,CUST-0048,2025-04-14,Display Ads,Retargeting,West,41,35-44,Female,287.97,Medium,4350.9,30,72930,1190,80,4672.04,0.0163,0.0672,0.0738
CMP-032,CUST-0049,2025-06-28,Paid Search,Conversion,South,33,25-34,Female,312.96,Medium,938.92,21,67449,3913,294,18075.27,0.058,0.0751,18.2511
CMP-006,CUST-0050,2025-05-08,Email,Conversion,North,28,25-34,Male,300.97,Medium,2818.03,14,104762,4838,542,39012.56,0.0462,0.112,12.8439
CMP-033,CUST-0051,2025-05-10,Display Ads,Awareness,North,30,25-34,Female,266.23,Medium,4329.66,14,93731,1945,73,12035.14,0.0208,0.0375,1.7797
CMP-035,CUST-0052,2025-06-28,Social Media,Consideration,Central,18,18-24,Male,1096.8,VIP,3123.22,10,96035,4168,134,17902.23,0.0434,0.0321,4.732
CMP-025,CUST-0053,2025-06-01,Influencer,Conversion,South,30,25-34,Male,439.25,Medium,4568.05,14,216035,5410,354,34763.56,0.025,0.0654,6.6102
CMP-010,CUST-0054,2025-03-26,Email,Conversion,East,25,25-34,Male,2285.31,VIP,2193.05,30,82955,4804,518,77339.01,0.0579,0.1078,34.2655
CMP-015,CUST-0055,2025-02-12,Display Ads,Consideration,North,35,35-44,Female,102.24,Low,4731.61,14,84590,834,36,3806.16,0.0099,0.0432,-0.1956
CMP-012,CUST-0056,2025-02-06,Email,Awareness,West,28,25-34,Male,122.94,Low,2586.58,10,76255,3048,116,16352.5,0.04,0.0381,5.3221
CMP-023,CUST-0057,2025-04-09,Influencer,Consideration,West,29,25-34,Female,236.24,Medium,867.27,21,25377,490,24,3072.27,0.0193,0.049,2.5425
CMP-004,CUST-0058,2025-02-26,Influencer,Conversion,East,35,35-44,Male,1492.55,VIP,3361.32,10,150060,3162,265,46146.72,0.0211,0.0838,12.7287
CMP-003,CUST-0059,2025-03-25,Social Media,Consideration,Central,30,25-34,Male,45.44,Low,1201.85,21,29295,1019,64,6866.87,0.0348,0.0628,4.7136
CMP-031,CUST-0060,2025-02-27,Influencer,Consideration,East,38,35-44,Female,294.8,Medium,5041.26,21,220015,4218,288,15106.87,0.0192,0.0683,1.9966
CMP-017,CUST-0061,2025-05-24,Paid Search,Conversion,East,40,35-44,Female,175.89,Low,4788.99,14,135301,7746,932,172071.07,0.0573,0.1203,34.9306
CMP-009,CUST-0062,2025-04-10,Email,Awareness,West,39,35-44,Male,896.56,High,2149.41,21,144277,7189,368,50449.65,0.0498,0.0512,22.4714
CMP-027,CUST-0063,2025-04-03,Influencer,Consideration,East,36,35-44,Female,138.82,Low,5107.5,7,177298,5467,350,20768.02,0.0308,0.064,3.0662
CMP-002,CUST-0064,2025-05-22,Email,Consideration,South,35,35-44,Male,320.82,Medium,3193.96,10,163799,6301,436,72726.46,0.0385,0.0692,21.77
CMP-010,CUST-0065,2025-04-02,Influencer,Retargeting,South,51,45-54,Female,243.64,Medium,3205.94,10,52364,1677,81,9115.24,0.032,0.0483,1.8432
CMP-007,CUST-0066,2025-05-14,Social Media,Consideration,Central,52,45-54,Male,432.57,Medium,2571.51,14,121999,4308,178,19522.81,0.0353,0.0413,6.592
CMP-029,CUST-0067,2025-05-30,Email,Awareness,Central,37,35-44,Male,175.2,Low,3803.94,30,149107,7325,285,35630.51,0.0491,0.0389,8.3667
CMP-008,CUST-0068,2025-02-28,Display Ads,Retargeting,Central,32,25-34,Female,379.75,Medium,1993.82,21,55142,702,33,3118.24,0.0127,0.047,0.564
CMP-010,CUST-0069,2025-04-06,Paid Search,Retargeting,North,36,35-44,Female,154.03,Low,3048.4,10,158338,7535,770,52699.83,0.0476,0.1022,16.2877
CMP-028,CUST-0070,2025-02-24,Display Ads,Conversion,East,25,25-34,Male,597.85,High,3535.17,10,65479,863,67,5843.07,0.0132,0.0776,0.6528
CMP-028,CUST-0071,2025-06-18,Display Ads,Conversion,Central,22,18-24,Female,167.59,Low,490.42,14,12372,147,7,596.23,0.0119,0.0476,0.2158
CMP-026,CUST-0072,2025-04-27,Email,Conversion,North,45,45-54,Female,484.98,Medium,1113.43,14,36345,1876,168,23251.64,0.0516,0.0896,19.8829
CMP-004,CUST-0073,2025-05-12,Paid Search,Consideration,West,22,18-24,Female,197.11,Low,2024.09,7,60939,3236,199,21255.77,0.0531,0.0615,9.5014
CMP-004,CUST-0074,2025-01-31,Email,Consideration,South,36,35-44,Female,339.55,Medium,2762.32,7,95844,2709,168,14173.21,0.0283,0.062,4.1309
CMP-023,CUST-0075,2025-03-22,Email,Conversion,North,22,18-24,Female,785.81,High,2432.03,30,99371,4897,323,29657.53,0.0493,0.066,11.1946
CMP-024,CUST-0076,2025-03-21,Email,Conversion,South,23,18-24,Female,46.53,Low,1424.62,14,66714,3264,224,24027.22,0.0489,0.0686,15.8657
CMP-023,CUST-0077,2025-06-04,Paid Search,Conversion,South,34,25-34,Female,1057.21,VIP,4037.04,10,192965,11271,1102,113259.59,0.0584,0.0978,27.0551
CMP-029,CUST-0078,2025-04-23,Paid Search,Conversion,Central,21,18-24,Female,97.72,Low,2624.27,7,153756,12188,844,71983.83,0.0793,0.0692,26.43
CMP-003,CUST-0079,2025-06-02,Email,Conversion,North,18,18-24,Female,923.98,VIP,2214.74,30,120024,2820,232,10914.62,0.0235,0.0823,3.9282
CMP-013,CUST-0080,2025-03-29,Social Media,Retargeting,South,45,45-54,Male,280.0,Medium,2797.06,7,65112,1951,123,14176.81,0.03,0.063,4.0685
CMP-024,CUST-0081,2025-03-27,Influencer,Consideration,East,32,25-34,Male,132.97,Low,1949.0,7,69352,1620,85,12473.13,0.0234,0.0525,5.3998
CMP-026,CUST-0082,2025-02-02,Email,Conversion,North,30,25-34,Male,653.18,High,803.25,30,40697,2195,151,12078.57,0.0539,0.0688,14.0371
CMP-032,CUST-0083,2025-05-19,Email,Conversion,South,52,45-54,Female,1680.14,VIP,533.08,30,20997,1131,59,6254.23,0.0539,0.0522,10.7323
CMP-011,CUST-0084,2025-03-14,Paid Search,Awareness,East,30,25-34,Female,79.53,Low,1484.91,21,59585,2649,180,27573.99,0.0445,0.068,17.5695
CMP-029,CUST-0085,2025-02-21,Social Media,Consideration,West,22,18-24,Female,508.76,High,1021.23,30,30705,978,56,6171.68,0.0319,0.0573,5.0434
CMP-011,CUST-0086,2025-04-26,Social Media,Conversion,South,36,35-44,Male,135.07,Low,4862.79,14,163941,4804,318,34152.6,0.0293,0.0662,6.0233
CMP-021,CUST-0087,2025-05-01,Influencer,Conversion,East,35,35-44,Female,175.88,Low,4030.38,10,142483,3150,294,15642.26,0.0221,0.0933,2.8811
CMP-034,CUST-0088,2025-06-09,Social Media,Conversion,South,32,25-34,Female,381.1,Medium,654.61,21,33648,1147,82,9817.9,0.0341,0.0715,13.9981
CMP-019,CUST-0089,2025-05-15,Social Media,Retargeting,South,27,25-34,Male,207.26,Medium,678.24,14,26750,803,80,8812.86,0.03,0.0996,11.9937
CMP-025,CUST-0090,2025-06-18,Influencer,Consideration,North,31,25-34,Female,440.98,Medium,4091.78,7,166852,4439,194,21176.98,0.0266,0.0437,4.1755
CMP-030,CUST-0091,2025-04-28,Influencer,Retargeting,South,35,35-44,Male,1668.5,VIP,1773.2,7,29786,689,39,7338.46,0.0231,0.0566,3.1385
CMP-035,CUST-0092,2025-06-17,Social Media,Awareness,South,29,25-34,Female,657.6,High,1675.1,14,81779,3733,144,13836.62,0.0456,0.0386,7.2602
CMP-012,CUST-0093,2025-04-21,Social Media,Retargeting,Central,33,25-34,Female,168.25,Low,5176.23,30,124162,4334,265,21818.55,0.0349,0.0611,3.2151
CMP-028,CUST-0094,2025-04-22,Email,Consideration,Unknown,55,55+,Female,289.26,Medium,3451.43,14,161888,8136,479,52860.83,0.0503,0.0589,14.3156
CMP-011,CUST-0095,2025-03-02,Influencer,Awareness,Central,28,25-34,Female,200.62,Medium,2106.43,14,89352,1759,51,4964.36,0.0197,0.029,1.3568
CMP-005,CUST-0096,2025-01-07,Paid Search,Retargeting,West,30,25-34,Male,266.96,Medium,2770.36,10,117147,7087,672,49738.51,0.0605,0.0948,16.9538
CMP-005,CUST-0097,2025-03-23,Social Media,Conversion,West,54,45-54,Male,664.77,High,3791.27,14,141143,4485,254,18706.53,0.0318,0.0566,3.9341
CMP-012,CUST-0098,2025-05-07,Display Ads,Retargeting,North,53,45-54,Female,170.22,Low,2100.35,7,66677,963,69,4799.24,0.0144,0.0717,1.285
CMP-031,CUST-0099,2025-04-26,Paid Search,Conversion,Central,60,55+,Male,102.41,Low,3648.53,21,163130,10717,808,117025.54,0.0657,0.0754,31.0747
CMP-004,CUST-0100,2025-03-30,Display Ads,Retargeting,East,38,35-44,Male,135.4,Low,4690.39,30,172588,3020,243,32004.12,0.0175,0.0805,5.8233
CMP-035,CUST-0101,2025-06-04,Email,Retargeting,Central,39,35-44,Male,415.73,Medium,4436.27,14,227206,9757,640,36550.5,0.0429,0.0656,7.239
CMP-014,CUST-0102,2025-03-19,Display Ads,Consideration,North,18,18-24,Female,127.38,Low,1537.66,21,58320,878,33,4181.08,0.0151,0.0376,1.7191
CMP-030,CUST-0103,2025-03-30,Email,Retargeting,East,40,35-44,Other,181.67,Low,984.22,21,37644,1444,143,17052.94,0.0384,0.099,16.3263
CMP-007,CUST-0104,2025-03-25,Email,Conversion,Central,18,18-24,Male,713.63,High,3847.47,30,99676,5730,435,43246.94,0.0575,0.0759,10.2404
CMP-006,CUST-0105,2025-05-07,Influencer,Retargeting,South,36,35-44,Female,126.97,Low,4629.35,30,185591,5569,416,72984.14,0.03,0.0747,14.7655
CMP-024,CUST-0106,2025-03-15,Display Ads,Consideration,West,47,45-54,Female,318.61,Medium,2223.79,7,64342,1051,46,6549.96,0.0163,0.0438,1.9454
CMP-007,CUST-0107,2025-06-04,Social Media,Conversion,East,24,18-24,Female,278.45,Medium,2296.73,30,39198,1160,88,12398.13,0.0296,0.0759,4.3982
CMP-033,CUST-0108,2025-03-18,Email,Conversion,East,51,45-54,Male,514.49,High,1981.41,30,115063,8145,698,66065.06,0.0708,0.0857,32.3424
CMP-008,CUST-0109,2025-05-29,Influencer,Retargeting,North,26,25-34,Male,478.21,Medium,1453.58,30,27573,621,52,6796.69,0.0225,0.0837,3.6758
CMP-016,CUST-0110,2025-04-16,Email,Conversion,North,38,35-44,Female,154.8,Low,2340.33,10,148407,8154,874,138974.37,0.0549,0.1072,58.3824
CMP-031,CUST-0111,2025-06-23,Paid Search,Consideration,South,20,18-24,Male,643.09,High,3308.87,14,96659,5368,297,20688.62,0.0555,0.0553,5.2525
CMP-019,CUST-0112,2025-03-12,Paid Search,Conversion,West,29,25-34,Male,185.22,Low,941.09,14,49594,3058,357,50929.77,0.0617,0.1167,53.1179
CMP-006,CUST-0113,2025-03-11,Social Media,Consideration,East,33,25-34,Male,430.94,Medium,3726.43,30,94063,2550,173,12425.26,0.0271,0.0678,2.3344
CMP-015,CUST-0114,2025-05-21,Email,Consideration,West,49,45-54,Female,651.51,High,2323.5,10,163848,9017,485,38722.26,0.055,0.0538,15.6655
CMP-004,CUST-0115,2025-01-10,Influencer,Awareness,Central,36,35-44,Male,426.38,Medium,2376.74,10,129243,4388,119,20685.01,0.034,0.0271,7.7031
CMP-019,CUST-0116,2025-04-27,Display Ads,Awareness,Central,18,18-24,Female,489.63,Medium,2892.94,30,104850,1094,26,1964.53,0.0104,0.0238,-0.3209
CMP-030,CUST-0117,2025-02-19,Paid Search,Conversion,North,32,25-34,Male,234.85,Medium,3313.13,10,170549,5429,514,42320.18,0.0318,0.0947,11.7735
CMP-009,CUST-0118,2025-03-26,Social Media,Conversion,North,33,25-34,Male,404.97,Medium,3174.93,14,119451,4437,332,23593.65,0.0371,0.0748,6.4312
CMP-011,CUST-0119,2025-04-05,Social Media,Retargeting,East,28,25-34,Male,156.72,Low,1421.12,30,79089,1791,169,27652.97,0.0226,0.0944,18.4586
CMP-031,CUST-0120,2025-01-21,Display Ads,Conversion,South,35,35-44,Male,306.12,Medium,2516.73,30,77080,773,44,2618.68,0.01,0.0569,0.0405
CMP-035,CUST-0121,2025-05-06,Email,Consideration,Central,18,18-24,Male,325.83,Medium,4709.61,7,160977,8104,311,28953.24,0.0503,0.0384,5.1477
CMP-020,CUST-0122,2025-03-30,Paid Search,Consideration,North,33,25-34,Female,193.63,Low,2974.64,7,87955,3251,304,30419.69,0.037,0.0935,9.2263
CMP-009,CUST-0123,2025-04-07,Display Ads,Conversion,West,18,18-24,Female,230.98,Medium,739.21,21,36921,735,29,4286.64,0.0199,0.0395,4.7989
CMP-015,CUST-0124,2025-04-08,Display Ads,Conversion,East,18,18-24,Female,173.44,Low,1550.43,10,36004,583,38,4984.76,0.0162,0.0652,2.2151
CMP-002,CUST-0125,2025-01-13,Social Media,Awareness,Central,48,45-54,Male,85.6,Low,3941.62,10,123080,4183,112,19923.3,0.034,0.0268,4.0546
CMP-019,CUST-0126,2025-03-24,Social Media,Conversion,Central,27,25-34,Male,358.89,Medium,1813.56,10,46929,1906,110,8685.78,0.0406,0.0577,3.7894
CMP-032,CUST-0127,2025-02-08,Email,Consideration,West,36,35-44,Female,1069.67,VIP,2175.83,14,116757,4266,334,31659.42,0.0365,0.0783,13.5505
CMP-004,CUST-0128,2025-03-26,Paid Search,Conversion,Central,23,18-24,Female,108.54,Low,4822.8,7,259919,12963,954,62419.49,0.0499,0.0736,11.9426
CMP-003,CUST-0129,2025-03-27,Display Ads,Awareness,Central,31,25-34,Female,117.07,Low,4991.55,14,87957,952,35,1975.05,0.0108,0.0368,-0.6043
CMP-014,CUST-0130,2025-04-02,Social Media,Consideration,East,35,35-44,Male,211.68,Medium,1618.57,14,62776,1581,82,16009.89,0.0252,0.0519,8.8914
CMP-014,CUST-0131,2025-05-22,Social Media,Consideration,Central,45,45-54,Female,636.92,High,3158.84,30,97064,2258,86,9155.93,0.0233,0.0381,1.8985
CMP-022,CUST-0132,2025-02-05,Social Media,Conversion,West,18,18-24,Female,482.42,Medium,2718.33,30,150455,5233,352,17326.86,0.0348,0.0673,5.3741
CMP-015,CUST-0133,2025-06-20,Email,Awareness,South,23,18-24,Male,288.43,Medium,4776.84,30,197299,8810,332,30741.42,0.0447,0.0377,5.4355
CMP-033,CUST-0134,2025-02-19,Display Ads,Retargeting,South,37,35-44,Female,204.8,Medium,2903.31,30,105057,1673,99,10440.78,0.0159,0.0592,2.5962
CMP-015,CUST-0135,2025-01-24,Social Media,Conversion,North,21,18-24,Male,270.34,Medium,2189.43,21,74267,1526,75,4731.01,0.0205,0.0491,1.1608
CMP-022,CUST-0136,2025-06-27,Paid Search,Conversion,North,53,45-54,Female,294.27,Medium,2656.18,30,56780,2058,198,36261.4,0.0362,0.0962,12.6517
CMP-021,CUST-0137,2025-01-20,Email,Awareness,South,34,25-34,Female,111.51,Low,1137.88,14,40466,1188,51,7765.91,0.0294,0.0429,5.8249
CMP-009,CUST-0138,2025-04-22,Display Ads,Conversion,North,18,18-24,Female,265.4,Medium,4417.57,10,121587,1818,113,10259.78,0.015,0.0622,1.3225
CMP-025,CUST-0139,2025-01-19,Social Media,Retargeting,West,47,45-54,Male,222.01,Medium,1649.66,7,61207,2265,134,14459.7,0.037,0.0592,7.7653
CMP-020,CUST-0140,2025-05-23,Social Media,Conversion,North,38,35-44,Female,187.27,Low,2329.01,30,43954,1553,100,13867.13,0.0353,0.0644,4.9541
CMP-019,CUST-0141,2025-02-13,Social Media,Conversion,Central,59,55+,Male,179.17,Low,1172.08,21,31529,664,29,2177.31,0.0211,0.0437,0.8576
CMP-005,CUST-0142,2025-03-19,Social Media,Conversion,West,27,25-34,Female,85.43,Low,4951.79,7,164314,4833,431,35572.0,0.0294,0.0892,6.1837
CMP-009,CUST-0143,2025-03-23,Social Media,Retargeting,South,27,25-34,Female,72.23,Low,3914.14,14,198883,6479,592,48593.73,0.0326,0.0914,11.4149
CMP-024,CUST-0144,2025-01-07,Email,Retargeting,Central,40,35-44,Male,350.21,Medium,4923.43,21,165675,7437,739,44789.18,0.0449,0.0994,8.0971
CMP-020,CUST-0145,2025-05-03,Social Media,Retargeting,West,35,35-44,Other,484.94,Medium,2293.9,30,101897,2987,288,37624.91,0.0293,0.0964,15.4022
CMP-035,CUST-0146,2025-06-15,Paid Search,Conversion,North,35,35-44,Female,774.4,High,564.84,30,41838,1479,138,22286.44,0.0354,0.0933,38.4562
CMP-001,CUST-0147,2025-04-06,Email,Consideration,Central,18,18-24,Female,262.05,Medium,2595.86,21,141213,5594,217,35743.68,0.0396,0.0388,12.7695
CMP-006,CUST-0148,2025-05-14,Email,Conversion,South,28,25-34,Male,106.16,Low,2039.26,21,56161,2942,228,11459.84,0.0524,0.0775,4.6196
CMP-007,CUST-0149,2025-04-20,Paid Search,Awareness,South,20,18-24,Female,104.07,Low,1474.5,21,55185,2789,120,11418.3,0.0505,0.043,6.7438
CMP-025,CUST-0150,2025-01-27,Email,Awareness,East,34,25-34,Female,298.51,Medium,1256.76,30,43899,1185,57,8441.94,0.027,0.0481,5.7172
CMP-025,CUST-0151,2025-06-22,Paid Search,Retargeting,East,26,25-34,Female,123.17,Low,4805.61,14,260222,16172,1732,123568.58,0.0621,0.1071,24.7134
CMP-010,CUST-0152,2025-05-18,Paid Search,Consideration,South,23,18-24,Female,110.38,Low,3041.33,10,122392,5699,278,27097.53,0.0466,0.0488,7.9098
CMP-001,CUST-0153,2025-06-25,Social Media,Awareness,West,46,45-54,Male,434.62,Medium,2365.81,21,121413,3656,105,5770.28,0.0301,0.0287,1.439
CMP-018,CUST-0154,2025-05-11,Email,Consideration,West,18,18-24,Male,1071.34,VIP,3127.66,7,104611,3992,269,29232.59,0.0382,0.0674,8.3465
CMP-029,CUST-0155,2025-01-09,Paid Search,Conversion,North,32,25-34,Female,449.39,Medium,1624.65,21,88342,3127,362,20430.73,0.0354,0.1158,11.5755
CMP-023,CUST-0156,2025-02-22,Display Ads,Retargeting,West,37,35-44,Female,144.83,Low,3114.86,7,99635,1650,95,18515.54,0.0166,0.0576,4.9443
CMP-033,CUST-0157,2025-01-16,Influencer,Retargeting,North,46,45-54,Female,1590.62,VIP,4555.18,14,112323,3582,213,33100.6,0.0319,0.0595,6.2666
CMP-026,CUST-0158,2025-01-24,Social Media,Retargeting,East,26,25-34,Female,1011.98,VIP,2850.73,21,97996,2654,240,38131.5,0.0271,0.0904,12.376
CMP-030,CUST-0159,2025-02-24,Paid Search,Conversion,North,37,35-44,Male,262.76,Medium,1652.4,21,96885,3967,404,54120.88,0.0409,0.1018,31.7529
CMP-004,CUST-0160,2025-04-27,Email,Retargeting,West,59,55+,Female,35.51,Low,5160.42,7,242751,11488,1110,200471.56,0.0473,0.0966,37.8479
CMP-018,CUST-0161,2025-04-12,Email,Consideration,North,18,18-24,Female,181.29,Low,3871.04,14,204515,12362,558,29968.84,0.0604,0.0451,6.7418
CMP-015,CUST-0162,2025-04-19,Paid Search,Consideration,North,27,25-34,Other,212.05,Medium,2666.85,10,77001,2474,214,11704.47,0.0321,0.0865,3.3889
CMP-025,CUST-0163,2025-05-25,Display Ads,Conversion,South,23,18-24,Female,1104.55,VIP,3310.05,7,61837,689,26,3484.96,0.0111,0.0377,0.0528
CMP-029,CUST-0164,2025-03-31,Display Ads,Awareness,North,37,35-44,Male,375.37,Medium,1875.34,21,32774,534,15,1981.22,0.0163,0.0281,0.0565
CMP-002,CUST-0165,2025-04-11,Display Ads,Retargeting,East,38,35-44,Female,107.72,Low,3483.92,14,148472,2870,189,20290.42,0.0193,0.0659,4.824
CMP-005,CUST-0166,2025-05-26,Paid Search,Conversion,East,39,35-44,Male,276.69,Medium,2122.25,21,128655,6374,810,132926.0,0.0495,0.1271,61.6345
CMP-033,CUST-0167,2025-03-13,Display Ads,Consideration,West,45,45-54,Male,184.12,Low,1853.05,7,50103,853,37,4794.13,0.017,0.0434,1.5872
CMP-005,CUST-0168,2025-04-27,Social Media,Consideration,South,38,35-44,Female,662.57,High,3302.84,30,110994,3669,222,15102.61,0.0331,0.0605,3.5726
CMP-011,CUST-0169,2025-02-02,Social Media,Consideration,Central,37,35-44,Female,281.93,Medium,3904.74,14,104911,2202,103,11718.14,0.021,0.0468,2.001
CMP-005,CUST-0170,2025-03-07,Social Media,Retargeting,North,19,18-24,Female,107.94,Low,4687.2,7,182076,5830,485,20523.22,0.032,0.0832,3.3786
CMP-010,CUST-0171,2025-04-18,Email,Conversion,North,18,18-24,Male,194.68,Low,1910.74,10,81281,3076,200,10316.02,0.0378,0.065,4.399
CMP-004,CUST-0172,2025-03-14,Email,Conversion,North,37,35-44,Female,138.56,Low,1937.41,14,72359,3179,245,32736.38,0.0439,0.0771,15.897
CMP-030,CUST-0173,2025-02-08,Social Media,Conversion,South,32,25-34,Male,104.7,Low,4872.13,7,98053,2274,171,21767.56,0.0232,0.0752,3.4678
CMP-025,CUST-0174,2025-01-16,Display Ads,Conversion,North,42,35-44,Female,408.22,Medium,3801.51,10,76976,1851,139,17669.19,0.024,0.0751,3.6479
CMP-006,CUST-0175,2025-02-03,Paid Search,Retargeting,West,46,45-54,Female,179.74,Low,1764.63,10,128913,7568,625,108242.76,0.0587,0.0826,60.3402
CMP-015,CUST-0176,2025-03-22,Email,Awareness,Central,38,35-44,Female,477.62,Medium,935.57,21,37864,1815,76,9028.04,0.0479,0.0419,8.6498
CMP-003,CUST-0177,2025-05-12,Email,Conversion,South,40,35-44,Female,211.85,Medium,3634.34,7,139403,6838,418,46016.91,0.0491,0.0611,11.6617
CMP-016,CUST-0178,2025-02-26,Email,Awareness,South,36,35-44,Male,1034.76,VIP,1310.95,10,54177,2570,143,8981.0,0.0474,0.0556,5.8508
CMP-005,CUST-0179,2025-03-26,Email,Awareness,West,35,35-44,Male,235.28,Medium,557.08,7,20290,830,43,7382.27,0.0409,0.0518,12.2517
CMP-028,CUST-0180,2025-06-07,Email,Awareness,South,32,25-34,Female,114.46,Low,3342.34,30,165380,9199,500,50460.4,0.0556,0.0544,14.0973
CMP-027,CUST-0181,2025-01-05,Email,Conversion,Central,34,25-34,Male,271.79,Medium,4142.29,21,155379,11919,889,137136.49,0.0767,0.0746,32.1064
CMP-012,CUST-0182,2025-05-01,Email,Retargeting,Unknown,49,45-54,Female,132.39,Low,2083.55,30,88010,3038,211,18353.56,0.0345,0.0695,7.8088
CMP-004,CUST-0183,2025-02-14,Display Ads,Conversion,Central,45,45-54,Female,404.95,Medium,1497.27,10,39678,402,15,2065.72,0.0101,0.0373,0.3797
CMP-010,CUST-0184,2025-01-15,Paid Search,Awareness,West,27,25-34,Female,491.81,Medium,3268.06,10,77759,3898,194,22802.48,0.0501,0.0498,5.9774
CMP-012,CUST-0185,2025-02-06,Influencer,Conversion,East,39,35-44,Male,232.89,Medium,4455.43,7,248544,6496,474,89788.81,0.0261,0.073,19.1527
CMP-020,CUST-0186,2025-02-14,Social Media,Conversion,West,41,35-44,Male,148.03,Low,3713.77,30,225301,3313,221,30349.72,0.0147,0.0667,7.1722
CMP-019,CUST-0187,2025-01-09,Email,Conversion,Central,18,18-24,Male,409.22,Medium,3271.59,10,234886,15275,805,89807.96,0.065,0.0527,26.4509
CMP-021,CUST-0188,2025-03-27,Email,Conversion,North,41,35-44,Male,364.29,Medium,405.27,21,13174,417,34,5663.18,0.0317,0.0815,12.9738
CMP-029,CUST-0189,2025-01-26,Display Ads,Conversion,West,23,18-24,Male,124.87,Low,4175.34,21,147393,2231,94,9165.79,0.0151,0.0421,1.1952
CMP-025,CUST-0190,2025-01-08,Email,Awareness,North,18,18-24,Male,169.4,Low,4920.84,21,159606,11088,390,21237.34,0.0695,0.0352,3.3158
CMP-036,CUST-0191,2025-04-11,Paid Search,Conversion,East,29,25-34,Female,821.87,High,3015.86,30,117218,5141,403,21269.65,0.0439,0.0784,6.0526
CMP-031,CUST-0192,2025-01-30,Email,Awareness,South,18,18-24,Female,214.85,Medium,4156.65,14,198454,4810,158,19110.03,0.0242,0.0328,3.5975
CMP-025,CUST-0193,2025-05-25,Social Media,Consideration,East,26,25-34,Male,171.67,Low,1082.98,7,42545,1448,102,14423.43,0.034,0.0704,12.3183
CMP-015,CUST-0194,2025-05-02,Paid Search,Conversion,Central,22,18-24,Male,277.87,Medium,4626.02,30,178955,10546,837,108692.49,0.0589,0.0794,22.4959
CMP-010,CUST-0195,2025-02-19,Email,Conversion,South,40,35-44,Female,88.34,Low,556.98,10,14641,631,42,7216.04,0.0431,0.0666,11.9557
CMP-021,CUST-0196,2025-03-12,Influencer,Conversion,North,45,45-54,Male,226.63,Medium,2572.06,30,137061,3926,249,31755.01,0.0286,0.0634,11.3461
CMP-010,CUST-0197,2025-03-15,Paid Search,Retargeting,North,46,45-54,Female,259.33,Medium,4618.66,30,273102,12375,1208,162875.4,0.0453,0.0976,34.2646
CMP-026,CUST-0198,2025-03-02,Email,Retargeting,West,56,55+,Female,190.16,Low,3966.89,7,278578,13932,856,146415.52,0.05,0.0614,35.9094
CMP-032,CUST-0199,2025-03-24,Display Ads,Conversion,South,53,45-54,Female,214.5,Medium,3884.68,14,109620,2375,103,19077.94,0.0217,0.0434,3.9111
CMP-034,CUST-0200,2025-04-14,Display Ads,Conversion,Central,35,35-44,Male,216.09,Medium,4135.5,10,129958,1796,78,14006.98,0.0138,0.0434,2.387
CMP-024,CUST-0201,2025-04-25,Display Ads,Retargeting,North,30,25-34,Female,43.12,Low,5008.52,10,148741,1899,125,18128.93,0.0128,0.0658,2.6196
CMP-006,CUST-0202,2025-02-26,Social Media,Consideration,South,45,45-54,Female,1213.8,VIP,3636.82,10,103277,2299,77,12749.11,0.0223,0.0335,2.5056
CMP-001,CUST-0203,2025-04-07,Email,Retargeting,East,29,25-34,Female,301.72,Medium,2576.14,14,73614,2198,241,28607.56,0.0299,0.1096,10.1048
CMP-024,CUST-0204,2025-03-12,Paid Search,Retargeting,East,32,25-34,Female,715.28,High,4528.23,14,172519,9871,1389,109385.57,0.0572,0.1407,23.1564
CMP-021,CUST-0205,2025-04-10,Paid Search,Conversion,West,42,35-44,Female,524.69,High,3177.66,7,248278,12875,1123,174843.58,0.0519,0.0872,54.0227
CMP-031,CUST-0206,2025-05-23,Influencer,Retargeting,Central,31,25-34,Male,1197.27,VIP,1774.85,10,65582,1848,142,15728.05,0.0282,0.0768,7.8616
CMP-015,CUST-0207,2025-05-30,Social Media,Conversion,East,18,18-24,Female,362.9,Medium,2599.24,14,51214,1999,147,16666.64,0.039,0.0735,5.4121
CMP-013,CUST-0208,2025-02-08,Social Media,Conversion,West,22,18-24,Male,209.59,Medium,5162.89,10,195479,5990,450,73511.04,0.0306,0.0751,13.2384
CMP-029,CUST-0209,2025-01-23,Social Media,Conversion,South,28,25-34,Male,229.15,Medium,3330.23,10,139862,4208,365,32538.99,0.0301,0.0867,8.7708
CMP-021,CUST-0210,2025-06-27,Display Ads,Retargeting,North,27,25-34,Female,240.28,Medium,1863.65,14,33354,361,23,1150.7,0.0108,0.0637,-0.3826
CMP-034,CUST-0211,2025-02-18,Social Media,Conversion,South,20,18-24,Female,310.71,Medium,4948.21,10,260643,11638,579,76104.78,0.0447,0.0498,14.3803
CMP-024,CUST-0212,2025-01-13,Paid Search,Conversion,West,40,35-44,Male,227.52,Medium,5174.2,30,296988,13614,983,149619.54,0.0458,0.0722,27.9165
CMP-036,CUST-0213,2025-06-19,Social Media,Conversion,South,28,25-34,Female,143.71,Low,3563.04,7,108694,2462,143,20616.35,0.0227,0.0581,4.7862
CMP-013,CUST-0214,2025-05-21,Display Ads,Conversion,South,26,25-34,Female,326.55,Medium,4765.23,21,168651,2974,142,6186.68,0.0176,0.0477,0.2983
CMP-006,CUST-0215,2025-03-17,Display Ads,Awareness,North,47,45-54,Female,475.61,Medium,2601.75,14,40860,503,11,1026.16,0.0123,0.0219,-0.6056
CMP-008,CUST-0216,2025-03-26,Email,Conversion,North,39,35-44,Male,215.22,Medium,4688.46,14,270475,12260,1238,130484.0,0.0453,0.101,26.8309
CMP-026,CUST-0217,2025-02-12,Influencer,Consideration,West,29,25-34,Female,752.02,High,992.68,7,50181,961,61,3340.16,0.0192,0.0635,2.3648
CMP-029,CUST-0218,2025-02-03,Email,Consideration,East,18,18-24,Male,120.42,Low,4813.93,21,121960,3939,182,13500.47,0.0323,0.0462,1.8045
CMP-034,CUST-0219,2025-05-13,Display Ads,Retargeting,Central,38,35-44,Male,486.58,Medium,3687.97,30,120622,2790,184,22362.04,0.0231,0.0659,5.0635
CMP-010,CUST-0220,2025-05-01,Display Ads,Retargeting,Central,48,45-54,Female,128.47,Low,4566.67,21,77542,1286,54,10454.04,0.0166,0.042,1.2892
CMP-025,CUST-0221,2025-05-08,Social Media,Consideration,West,20,18-24,Female,71.92,Low,1882.9,21,116798,4106,151,13835.08,0.0352,0.0368,6.3478
CMP-006,CUST-0222,2025-04-27,Display Ads,Conversion,East,44,35-44,Male,362.29,Medium,2112.21,14,31197,383,24,3193.88,0.0123,0.0627,0.5121
CMP-024,CUST-0223,2025-03-16,Paid Search,Awareness,South,44,35-44,Male,736.62,High,2881.63,30,135685,7075,293,20841.18,0.0521,0.0414,6.2324
CMP-007,CUST-0224,2025-02-18,Social Media,Awareness,North,43,35-44,Female,511.44,High,872.66,14,35236,1022,55,7551.97,0.029,0.0538,7.654
CMP-033,CUST-0225,2025-05-30,Email,Retargeting,Central,32,25-34,Female,425.16,Medium,4833.2,21,306976,9970,932,59050.57,0.0325,0.0935,11.2177
CMP-021,CUST-0226,2025-03-29,Social Media,Consideration,Central,50,45-54,Female,113.67,Low,2546.3,14,59392,1543,70,11260.75,0.026,0.0454,3.4224
CMP-021,CUST-0227,2025-03-30,Paid Search,Conversion,South,38,35-44,Female,208.86,Medium,5109.48,10,320413,21547,1861,284510.51,0.0672,0.0864,54.6829
CMP-023,CUST-0228,2025-04-19,Paid Search,Retargeting,West,23,18-24,Male,396.88,Medium,2885.24,7,61000,1858,175,11652.9,0.0305,0.0942,3.0388
CMP-019,CUST-0229,2025-01-09,Paid Search,Awareness,North,30,25-34,Male,550.55,High,4298.03,14,135771,5850,370,54898.94,0.0431,0.0632,11.773
CMP-016,CUST-0230,2025-04-17,Social Media,Conversion,East,32,25-34,Female,621.86,High,5034.29,14,140117,6820,604,89916.6,0.0487,0.0886,16.8608
CMP-015,CUST-0231,2025-02-19,Influencer,Conversion,East,34,25-34,Male,183.78,Low,2526.75,14,111717,2020,193,25556.05,0.0181,0.0955,9.1142
CMP-011,CUST-0232,2025-03-24,Paid Search,Consideration,East,18,18-24,Female,312.83,Medium,596.65,30,41762,2407,168,17192.74,0.0576,0.0698,27.8155
CMP-021,CUST-0233,2025-05-18,Paid Search,Conversion,Central,45,45-54,Female,62.51,Low,795.94,21,23923,1378,83,8603.26,0.0576,0.0602,9.8089
CMP-034,CUST-0234,2025-06-14,Social Media,Retargeting,North,41,35-44,Female,415.65,Medium,4805.25,30,113754,4127,449,47904.08,0.0363,0.1088,8.9691
CMP-017,CUST-0235,2025-04-25,Paid Search,Consideration,Central,38,35-44,Male,284.07,Medium,562.68,21,32817,1379,87,16560.98,0.042,0.0631,28.4323
CMP-005,CUST-0236,2025-05-18,Email,Retargeting,South,41,35-44,Female,213.3,Medium,3485.82,21,236352,8791,658,77763.52,0.0372,0.0748,21.3085
CMP-004,CUST-0237,2025-04-10,Email,Consideration,North,26,25-34,Female,435.62,Medium,3406.55,21,112973,4718,356,38371.33,0.0418,0.0755,10.264
CMP-003,CUST-0238,2025-01-23,Paid Search,Awareness,Central,49,45-54,Female,284.25,Medium,4061.58,14,171056,11023,454,54643.7,0.0644,0.0412,12.4538
CMP-026,CUST-0239,2025-06-15,Display Ads,Conversion,East,39,35-44,Male,315.58,Medium,4993.35,14,85562,1244,68,3846.47,0.0145,0.0547,-0.2297
CMP-036,CUST-0240,2025-02-06,Influencer,Consideration,East,39,35-44,Male,296.36,Medium,1242.36,10,44356,1623,78,11656.03,0.0366,0.0481,8.3822
CMP-036,CUST-0241,2025-05-29,Social Media,Retargeting,East,30,25-34,Female,136.14,Low,4964.97,21,172760,4713,396,30520.46,0.0273,0.084,5.1472
CMP-032,CUST-0242,2025-03-22,Social Media,Retargeting,East,31,25-34,Male,172.67,Low,1167.9,21,40016,1128,120,14498.78,0.0282,0.1064,11.4144
CMP-022,CUST-0243,2025-06-15,Display Ads,Consideration,East,35,35-44,Female,604.73,High,747.57,30,19443,218,13,1032.11,0.0112,0.0596,0.3806
CMP-005,CUST-0244,2025-02-24,Display Ads,Conversion,North,39,35-44,Male,216.53,Medium,3025.23,7,111508,1225,76,12526.25,0.011,0.062,3.1406
CMP-019,CUST-0245,2025-06-07,Email,Retargeting,North,23,18-24,Male,473.85,Medium,4022.45,10,96583,5028,434,48432.2,0.0521,0.0863,11.0405
CMP-031,CUST-0246,2025-06-21,Influencer,Awareness,West,34,25-34,Female,342.59,Medium,2861.74,10,124668,3650,179,26927.13,0.0293,0.049,8.4094
CMP-017,CUST-0247,2025-01-20,Paid Search,Retargeting,West,28,25-34,Male,103.37,Low,1570.19,30,97684,4203,430,61283.65,0.043,0.1023,38.0294
CMP-001,CUST-0248,2025-02-08,Social Media,Awareness,South,35,35-44,Female,211.38,Medium,1113.18,10,52446,2118,93,10378.52,0.0404,0.0439,8.3233
CMP-031,CUST-0249,2025-02-11,Social Media,Retargeting,West,37,35-44,Male,362.47,Medium,3403.27,10,71311,2302,158,13986.02,0.0323,0.0686,3.1096
CMP-002,CUST-0250,2025-05-01,Display Ads,Conversion,East,41,35-44,Male,81.24,Low,1177.25,21,48742,694,52,8917.94,0.0142,0.0749,6.5752
CMP-017,CUST-0251,2025-02-03,Email,Conversion,West,30,25-34,Female,318.95,Medium,430.33,7,21755,932,88,12642.19,0.0428,0.0944,28.3779
CMP-003,CUST-0252,2025-05-19,Display Ads,Retargeting,North,47,45-54,Male,77.53,Low,4700.3,7,189542,3350,196,20593.27,0.0177,0.0585,3.3813
CMP-015,CUST-0253,2025-06-28,Influencer,Retargeting,West,22,18-24,Male,233.94,Medium,823.93,30,18006,594,33,4872.9,0.033,0.0556,4.9142
CMP-001,CUST-0254,2025-04-15,Paid Search,Awareness,North,28,25-34,Male,335.09,Medium,866.93,14,38619,2220,110,11873.5,0.0575,0.0495,12.696
CMP-026,CUST-0255,2025-03-06,Display Ads,Consideration,Central,23,18-24,Male,143.12,Low,3151.61,14,116125,1782,47,6967.8,0.0153,0.0264,1.2109
CMP-011,CUST-0256,2025-01-14,Email,Retargeting,East,38,35-44,Male,311.52,Medium,2237.15,10,121637,3896,491,58928.98,0.032,0.126,25.3411
CMP-017,CUST-0257,2025-06-17,Email,Awareness,North,29,25-34,Female,268.45,Medium,1739.38,30,92573,2075,122,7754.12,0.0224,0.0588,3.458
CMP-034,CUST-0258,2025-06-22,Social Media,Awareness,Central,18,18-24,Male,182.78,Low,2094.74,7,108803,3403,84,6378.98,0.0313,0.0247,2.0452
CMP-026,CUST-0259,2025-05-24,Paid Search,Retargeting,North,46,45-54,Male,992.9,VIP,2038.26,30,128689,5787,552,43669.78,0.045,0.0954,20.425
CMP-017,CUST-0260,2025-05-12,Email,Retargeting,Central,42,35-44,Male,385.03,Medium,4599.15,14,268001,13033,1220,235447.54,0.0486,0.0936,50.1937
CMP-022,CUST-0261,2025-03-08,Influencer,Consideration,West,51,45-54,Female,227.2,Medium,2205.97,7,89857,1651,80,13480.31,0.0184,0.0485,5.1108
CMP-035,CUST-0262,2025-03-29,Email,Conversion,South,31,25-34,Male,54.17,Low,3039.57,7,82333,4504,308,34670.53,0.0547,0.0684,10.4064
CMP-013,CUST-0263,2025-03-05,Social Media,Awareness,South,39,35-44,Female,267.87,Medium,2076.73,30,88124,2517,81,15509.32,0.0286,0.0322,6.4681
CMP-035,CUST-0264,2025-05-28,Influencer,Conversion,East,24,18-24,Other,300.15,Medium,2730.41,14,164016,3378,190,13170.31,0.0206,0.0562,3.8236
CMP-028,CUST-0265,2025-04-28,Social Media,Retargeting,Central,21,18-24,Male,315.61,Medium,3736.49,7,146764,6375,299,20308.84,0.0434,0.0469,4.4353
CMP-017,CUST-0266,2025-05-08,Email,Consideration,East,19,18-24,Female,168.34,Low,1371.08,21,67800,3216,225,17188.75,0.0474,0.07,11.5366
CMP-015,CUST-0267,2025-02-08,Display Ads,Conversion,South,18,18-24,Female,292.45,Medium,4257.49,21,85640,1094,61,8934.97,0.0128,0.0558,1.0986
CMP-032,CUST-0268,2025-02-25,Social Media,Retargeting,Central,38,35-44,Female,844.96,High,2661.22,14,113333,3734,260,26956.28,0.0329,0.0696,9.1293
CMP-017,CUST-0269,2025-05-28,Social Media,Consideration,East,53,45-54,Female,218.23,Medium,1196.51,30,55814,1038,59,7218.89,0.0186,0.0568,5.0333
CMP-010,CUST-0270,2025-01-19,Display Ads,Retargeting,East,20,18-24,Female,349.11,Medium,1135.7,7,23003,394,21,1572.88,0.0171,0.0533,0.3849
CMP-029,CUST-0271,2025-01-06,Display Ads,Conversion,Central,22,18-24,Female,167.71,Low,3879.7,10,156626,2275,106,5495.88,0.0145,0.0466,0.4166
CMP-005,CUST-0272,2025-01-22,Influencer,Retargeting,North,44,35-44,Male,171.74,Low,1622.89,7,39056,1012,100,9606.31,0.0259,0.0988,4.9193
CMP-009,CUST-0273,2025-05-02,Email,Conversion,North,44,35-44,Male,368.33,Medium,5078.66,21,209078,9834,866,167574.84,0.047,0.0881,31.9959
CMP-030,CUST-0274,2025-03-30,Paid Search,Retargeting,Central,19,18-24,Male,185.23,Low,2967.39,21,177660,10392,730,53988.07,0.0585,0.0702,17.1938
CMP-001,CUST-0275,2025-06-02,Paid Search,Retargeting,West,28,25-34,Male,87.46,Low,4214.32,10,183362,12937,1651,158106.5,0.0706,0.1276,36.5165
CMP-025,CUST-0276,2025-06-06,Display Ads,Consideration,Unknown,26,25-34,Male,152.14,Low,1730.68,14,71731,1158,53,7789.85,0.0161,0.0458,3.501
CMP-030,CUST-0277,2025-05-17,Paid Search,Consideration,Central,24,18-24,Female,180.41,Low,1251.8,7,32004,1680,94,12354.81,0.0525,0.056,8.8696
CMP-032,CUST-0278,2025-03-26,Email,Consideration,West,46,45-54,Male,257.87,Medium,4441.2,7,234288,10509,649,39547.71,0.0449,0.0618,7.9047
CMP-017,CUST-0279,2025-04-24,Display Ads,Conversion,North,51,45-54,Female,877.15,High,3927.45,10,61088,865,50,6366.01,0.0142,0.0578,0.6209
CMP-020,CUST-0280,2025-05-04,Influencer,Awareness,North,33,25-34,Female,348.33,Medium,1313.81,14,72514,1309,47,2626.84,0.0181,0.0359,0.9994
CMP-011,CUST-0281,2025-06-26,Display Ads,Retargeting,West,34,25-34,Female,388.24,Medium,3688.77,21,78791,1148,69,7140.81,0.0146,0.0601,0.9358
CMP-004,CUST-0282,2025-05-23,Email,Retargeting,Central,35,35-44,Female,261.49,Medium,4256.8,14,152944,6123,571,58964.61,0.04,0.0933,12.8519
CMP-019,CUST-0283,2025-03-12,Paid Search,Retargeting,Central,37,35-44,Male,167.15,Low,4785.2,30,199304,12306,946,88963.06,0.0617,0.0769,17.5913
CMP-001,CUST-0284,2025-06-08,Display Ads,Retargeting,South,45,45-54,Female,739.75,High,1905.37,10,37130,442,26,2039.04,0.0119,0.0588,0.0702
CMP-010,CUST-0285,2025-02-03,Paid Search,Consideration,East,44,35-44,Female,958.06,VIP,4586.44,10,148778,9061,579,77980.53,0.0609,0.0639,16.0024
CMP-034,CUST-0286,2025-02-23,Paid Search,Retargeting,North,23,18-24,Female,311.23,Medium,4852.76,21,299556,19058,1847,159569.54,0.0636,0.0969,31.8822
CMP-020,CUST-0287,2025-02-18,Email,Awareness,Central,48,45-54,Male,239.37,Medium,2902.03,10,97361,5268,156,25113.05,0.0541,0.0296,7.6536
CMP-023,CUST-0288,2025-04-13,Paid Search,Conversion,West,38,35-44,Female,188.84,Low,1986.94,30,71548,3388,311,31847.34,0.0474,0.0918,15.0283
CMP-028,CUST-0289,2025-03-07,Display Ads,Consideration,South,26,25-34,Male,349.12,Medium,5014.01,14,136818,1931,91,14824.23,0.0141,0.0471,1.9566
CMP-020,CUST-0290,2025-06-26,Email,Conversion,South,35,35-44,Male,254.57,Medium,4807.69,14,214761,9313,766,49266.65,0.0434,0.0823,9.2475
CMP-017,CUST-0291,2025-05-26,Social Media,Retargeting,South,33,25-34,Male,480.9,Medium,3911.19,10,203257,7712,519,74508.55,0.0379,0.0673,18.0501
CMP-007,CUST-0292,2025-03-27,Paid Search,Consideration,Central,19,18-24,Male,323.7,Medium,4616.99,14,232526,15227,630,86157.53,0.0655,0.0414,17.661
CMP-034,CUST-0293,2025-06-22,Email,Retargeting,South,26,25-34,Female,416.74,Medium,5059.55,21,281184,16467,1186,112821.91,0.0586,0.072,21.2988
CMP-022,CUST-0294,2025-04-22,Email,Retargeting,North,25,25-34,Female,281.79,Medium,4045.86,10,152313,6503,634,71181.51,0.0427,0.0975,16.5937
CMP-018,CUST-0295,2025-03-31,Display Ads,Consideration,Central,47,45-54,Female,247.88,Medium,1905.58,10,51762,912,26,5100.61,0.0176,0.0285,1.6767
CMP-003,CUST-0296,2025-01-14,Influencer,Consideration,East,43,35-44,Female,358.01,Medium,4952.36,10,281597,9117,631,33081.46,0.0324,0.0692,5.6799
CMP-029,CUST-0297,2025-05-21,Social Media,Consideration,Central,37,35-44,Male,815.69,High,3371.75,21,207313,8416,468,49601.98,0.0406,0.0556,13.711
CMP-017,CUST-0298,2025-01-18,Email,Consideration,Central,32,25-34,Male,280.86,Medium,3552.81,21,204801,11463,616,34046.72,0.056,0.0537,8.583
CMP-021,CUST-0299,2025-01-06,Social Media,Retargeting,North,39,35-44,Female,199.5,Low,1549.85,7,57504,2279,197,14494.07,0.0396,0.0864,8.3519
CMP-020,CUST-0300,2025-04-10,Social Media,Conversion,Central,33,25-34,Female,293.77,Medium,4929.06,7,247750,8543,527,47598.71,0.0345,0.0617,8.6568
CMP-015,CUST-0301,2025-05-19,Social Media,Retargeting,West,57,55+,Female,117.51,Low,1352.77,10,33339,972,79,14039.72,0.0292,0.0813,9.3785
CMP-034,CUST-0302,2025-01-18,Influencer,Consideration,South,26,25-34,Female,111.21,Low,2934.86,30,111418,2128,123,7367.61,0.0191,0.0578,1.5104
CMP-027,CUST-0303,2025-01-07,Influencer,Consideration,East,38,35-44,Female,409.85,Medium,3342.19,30,134891,3762,235,19853.43,0.0279,0.0625,4.9402
CMP-031,CUST-0304,2025-01-09,Paid Search,Consideration,West,28,25-34,Female,265.29,Medium,4058.01,21,88396,4626,321,42792.86,0.0523,0.0694,9.5453
CMP-030,CUST-0305,2025-04-11,Display Ads,Consideration,North,18,18-24,Male,171.8,Low,4904.82,30,159556,1777,74,9516.83,0.0111,0.0416,0.9403
CMP-016,CUST-0306,2025-01-13,Paid Search,Consideration,North,21,18-24,Male,208.96,Medium,1762.22,10,68627,3233,230,22711.51,0.0471,0.0711,11.888
CMP-004,CUST-0307,2025-01-29,Paid Search,Conversion,West,39,35-44,Male,250.4,Medium,4126.85,10,298035,12221,948,105646.4,0.041,0.0776,24.5998
CMP-013,CUST-0308,2025-02-01,Display Ads,Awareness,East,25,25-34,Male,582.25,High,903.7,7,24394,202,7,624.7,0.0083,0.0347,-0.3087
CMP-011,CUST-0309,2025-02-08,Social Media,Consideration,South,46,45-54,Male,504.81,High,4563.77,10,126974,3458,146,14028.4,0.0272,0.0422,2.0739
CMP-012,CUST-0310,2025-05-08,Email,Awareness,South,52,45-54,Female,256.47,Medium,2985.98,21,73013,3312,107,14692.82,0.0454,0.0323,3.9206
CMP-006,CUST-0311,2025-02-23,Paid Search,Awareness,Central,31,25-34,Male,348.37,Medium,1246.47,7,30231,2051,79,3633.14,0.0678,0.0385,1.9147
CMP-022,CUST-0312,2025-06-19,Influencer,Awareness,West,40,35-44,Female,29.23,Low,3125.57,30,135966,3381,155,16052.4,0.0249,0.0458,4.1358
CMP-005,CUST-0313,2025-03-12,Display Ads,Conversion,North,32,25-34,Male,599.84,High,2906.21,14,95441,1594,105,5821.64,0.0167,0.0659,1.0032
CMP-006,CUST-0314,2025-05-28,Social Media,Conversion,East,18,18-24,Female,267.26,Medium,2066.19,30,50578,1924,134,16042.28,0.038,0.0696,6.7642
CMP-015,CUST-0315,2025-02-23,Paid Search,Conversion,North,43,35-44,Male,70.87,Low,5195.09,30,208308,12634,1278,184665.28,0.0607,0.1012,34.5461
CMP-020,CUST-0316,2025-05-26,Social Media,Retargeting,North,41,35-44,Female,256.94,Medium,5006.55,30,228209,8251,879,163958.55,0.0362,0.1065,31.7488
CMP-003,CUST-0317,2025-04-16,Paid Search,Retargeting,West,44,35-44,Female,81.98,Low,4400.26,7,177026,7628,745,96475.04,0.0431,0.0977,20.9248
CMP-023,CUST-0318,2025-02-12,Email,Awareness,North,28,25-34,Male,1321.69,VIP,3287.59,30,83382,4430,263,21018.6,0.0531,0.0594,5.3933
CMP-018,CUST-0319,2025-05-15,Social Media,Retargeting,South,19,18-24,Female,281.01,Medium,1198.81,14,33410,1388,77,4111.05,0.0415,0.0555,2.4293
CMP-033,CUST-0320,2025-02-06,Email,Consideration,West,32,25-34,Male,225.3,Medium,4337.37,7,286920,9473,519,68052.42,0.033,0.0548,14.6898
CMP-034,CUST-0321,2025-04-30,Email,Consideration,North,28,25-34,Female,339.03,Medium,850.05,7,50600,1656,88,11905.94,0.0327,0.0531,13.0062
CMP-013,CUST-0322,2025-02-10,Email,Consideration,East,36,35-44,Female,295.05,Medium,905.13,14,58320,1772,104,13569.63,0.0304,0.0587,13.9919
CMP-019,CUST-0323,2025-02-03,Paid Search,Awareness,East,26,25-34,Female,97.25,Low,2633.07,7,124345,5620,262,24747.29,0.0452,0.0466,8.3986
CMP-029,CUST-0324,2025-04-30,Paid Search,Consideration,South,30,25-34,Male,613.44,High,989.21,30,70069,2480,161,15783.93,0.0354,0.0649,14.9561
CMP-030,CUST-0325,2025-04-11,Social Media,Conversion,South,43,35-44,Male,85.46,Low,3743.13,10,184886,4534,381,44693.05,0.0245,0.084,10.94
CMP-023,CUST-0326,2025-01-27,Social Media,Conversion,East,35,35-44,Female,290.13,Medium,4315.13,21,201641,4531,414,69288.2,0.0225,0.0914,15.057
CMP-027,CUST-0327,2025-06-27,Social Media,Consideration,South,44,35-44,Female,75.71,Low,2441.07,30,142460,4397,220,33627.89,0.0309,0.05,12.7759
CMP-032,CUST-0328,2025-04-14,Email,Retargeting,East,18,18-24,Female,329.89,Medium,3251.56,7,172154,6672,682,56108.97,0.0388,0.1022,16.256
CMP-014,CUST-0329,2025-03-16,Display Ads,Conversion,North,34,25-34,Female,881.72,High,3335.53,21,84473,857,63,4968.65,0.0101,0.0735,0.4896
CMP-028,CUST-0330,2025-02-02,Paid Search,Conversion,North,20,18-24,Male,218.25,Medium,652.69,14,50116,2214,133,14747.53,0.0442,0.0601,21.595
CMP-021,CUST-0331,2025-02-18,Paid Search,Consideration,West,18,18-24,Female,348.19,Medium,2215.29,30,166150,7856,384,63239.84,0.0473,0.0489,27.547
CMP-005,CUST-0332,2025-02-05,Paid Search,Awareness,West,18,18-24,Female,244.23,Medium,4521.74,21,316329,8220,440,52210.21,0.026,0.0535,10.5465
CMP-029,CUST-0333,2025-03-02,Social Media,Consideration,West,22,18-24,Male,261.36,Medium,1655.86,30,93400,2461,91,4245.82,0.0263,0.037,1.5641
CMP-031,CUST-0334,2025-04-30,Influencer,Awareness,Central,65,55+,Male,633.93,High,729.44,30,30378,710,20,3197.46,0.0234,0.0282,3.3834
CMP-020,CUST-0335,2025-05-01,Paid Search,Conversion,Central,36,35-44,Male,876.04,High,3909.0,30,195863,7704,720,67022.76,0.0393,0.0935,16.1458
CMP-017,CUST-0336,2025-06-09,Email,Retargeting,South,19,18-24,Female,140.11,Low,1741.06,7,43339,1673,143,10893.08,0.0386,0.0855,5.2566
CMP-017,CUST-0337,2025-04-05,Email,Awareness,South,49,45-54,Male,216.84,Medium,1617.08,10,83367,3027,129,22914.7,0.0363,0.0426,13.1704
CMP-010,CUST-0338,2025-06-19,Paid Search,Conversion,West,34,25-34,Female,50.41,Low,3871.1,21,123214,4952,547,26629.09,0.0402,0.1105,5.8789
CMP-004,CUST-0339,2025-03-01,Email,Consideration,East,18,18-24,Male,70.76,Low,3665.02,21,128275,6231,377,35993.07,0.0486,0.0605,8.8207
CMP-025,CUST-0340,2025-04-21,Paid Search,Conversion,North,45,45-54,Female,374.72,Medium,4802.5,30,287706,17287,1222,79314.71,0.0601,0.0707,15.5153
CMP-016,CUST-0341,2025-03-22,Display Ads,Retargeting,South,18,18-24,Other,390.74,Medium,401.3,30,5089,73,3,319.82,0.0143,0.0411,-0.203
CMP-019,CUST-0342,2025-02-25,Social Media,Awareness,Central,55,55+,Male,2018.64,VIP,3444.7,30,137993,5668,208,14471.46,0.0411,0.0367,3.2011
CMP-012,CUST-0343,2025-04-27,Display Ads,Conversion,East,29,25-34,Female,445.76,Medium,4081.39,14,154764,3042,229,16866.4,0.0197,0.0753,3.1325
CMP-004,CUST-0344,2025-01-18,Social Media,Consideration,North,32,25-34,Female,296.46,Medium,5100.2,21,130892,5873,389,21526.07,0.0449,0.0662,3.2206
CMP-007,CUST-0345,2025-04-25,Influencer,Conversion,North,38,35-44,Male,99.3,Low,4698.09,7,111379,2835,253,37569.44,0.0255,0.0892,6.9967
CMP-026,CUST-0346,2025-01-18,Paid Search,Retargeting,West,22,18-24,Male,198.86,Low,1445.36,30,63677,3412,338,19234.92,0.0536,0.0991,12.308
CMP-004,CUST-0347,2025-04-28,Paid Search,Conversion,North,19,18-24,Female,351.53,Medium,3491.79,14,91472,6291,473,30978.37,0.0688,0.0752,7.8718
CMP-006,CUST-0348,2025-06-01,Display Ads,Consideration,South,38,35-44,Male,590.49,High,2722.78,10,46054,767,29,3747.08,0.0167,0.0378,0.3762
CMP-002,CUST-0349,2025-05-14,Email,Awareness,North,27,25-34,Male,266.52,Medium,4909.44,21,294628,14383,839,59281.42,0.0488,0.0583,11.075
CMP-003,CUST-0350,2025-01-25,Social Media,Retargeting,North,35,35-44,Female,371.64,Medium,3314.45,21,143489,4877,516,34702.51,0.034,0.1058,9.4701
CMP-005,CUST-0351,2025-02-05,Display Ads,Consideration,West,20,18-24,Male,153.21,Low,4406.67,14,187352,4317,170,14155.38,0.023,0.0394,2.2123
CMP-027,CUST-0352,2025-01-26,Email,Consideration,South,18,18-24,Female,320.02,Medium,2174.24,30,69513,3717,146,6261.73,0.0535,0.0393,1.88
CMP-031,CUST-0353,2025-06-06,Paid Search,Awareness,East,22,18-24,Male,174.15,Low,3241.92,7,192265,9670,374,53727.9,0.0503,0.0387,15.5729
CMP-036,CUST-0354,2025-05-19,Social Media,Awareness,Central,49,45-54,Male,909.12,VIP,1413.49,30,72975,2231,62,4897.56,0.0306,0.0278,2.4649
CMP-031,CUST-0355,2025-03-06,Social Media,Awareness,North,43,35-44,Female,286.32,Medium,3341.57,14,175691,6014,224,13023.94,0.0342,0.0372,2.8976
CMP-002,CUST-0356,2025-02-20,Social Media,Awareness,South,31,25-34,Female,72.06,Low,1465.81,14,30645,696,24,2225.98,0.0227,0.0345,0.5186
CMP-004,CUST-0357,2025-02-19,Display Ads,Awareness,Central,23,18-24,Female,253.58,Medium,5081.45,14,91927,1462,39,1924.15,0.0159,0.0267,-0.6213
CMP-022,CUST-0358,2025-02-13,Email,Consideration,South,37,35-44,Male,493.49,Medium,5055.16,30,252001,7892,566,69396.07,0.0313,0.0717,12.7278
CMP-028,CUST-0359,2025-02-08,Display Ads,Consideration,East,26,25-34,Male,272.99,Medium,4706.52,30,107937,1720,109,14411.72,0.0159,0.0634,2.0621
CMP-026,CUST-0360,2025-01-04,Social Media,Conversion,North,26,25-34,Male,260.49,Medium,4957.18,21,110482,3705,320,17011.11,0.0335,0.0864,2.4316
CMP-030,CUST-0361,2025-04-14,Display Ads,Conversion,North,46,45-54,Female,216.53,Medium,4180.81,10,107297,1551,84,14900.97,0.0145,0.0542,2.5641
CMP-028,CUST-0362,2025-01-21,Display Ads,Conversion,Central,18,18-24,Male,171.73,Low,4622.11,30,143931,1936,100,12498.23,0.0135,0.0517,1.704
CMP-024,CUST-0363,2025-03-27,Social Media,Retargeting,North,18,18-24,Female,778.5,High,2967.22,10,142085,3904,326,48622.63,0.0275,0.0835,15.3866
CMP-015,CUST-0364,2025-03-30,Social Media,Conversion,Central,30,25-34,Female,287.07,Medium,2708.2,21,92120,2474,182,22828.61,0.0269,0.0736,7.4294
CMP-024,CUST-0365,2025-04-11,Display Ads,Conversion,North,42,35-44,Female,260.4,Medium,1748.61,10,65794,1404,78,11956.57,0.0213,0.0556,5.8378
CMP-034,CUST-0366,2025-03-30,Influencer,Awareness,West,47,45-54,Female,371.07,Medium,2502.72,21,93010,2203,57,10207.37,0.0237,0.0259,3.0785
CMP-022,CUST-0367,2025-04-24,Paid Search,Conversion,West,19,18-24,Male,135.3,Low,1824.8,21,59014,2491,160,11836.95,0.0422,0.0642,5.4867
CMP-004,CUST-0368,2025-02-16,Email,Consideration,South,29,25-34,Male,113.99,Low,4420.76,10,241258,9897,501,35702.44,0.041,0.0506,7.0761
CMP-009,CUST-0369,2025-03-30,Social Media,Consideration,South,31,25-34,Female,211.6,Medium,2158.64,10,75618,2365,115,17849.54,0.0313,0.0486,7.2689
CMP-010,CUST-0370,2025-03-26,Influencer,Conversion,South,52,45-54,Other,95.16,Low,2648.47,14,84704,2138,138,18641.34,0.0252,0.0645,6.0385
CMP-029,CUST-0371,2025-03-20,Social Media,Awareness,West,38,35-44,Male,418.41,Medium,2297.91,7,116193,3455,123,7198.32,0.0297,0.0356,2.1326
CMP-015,CUST-0372,2025-06-21,Display Ads,Conversion,South,47,45-54,Female,170.03,Low,5082.82,7,135381,2109,99,12464.66,0.0156,0.0469,1.4523
CMP-028,CUST-0373,2025-05-24,Social Media,Consideration,East,28,25-34,Female,55.13,Low,1396.12,7,81021,2997,187,18032.04,0.037,0.0624,11.9158
CMP-028,CUST-0374,2025-05-15,Paid Search,Consideration,Central,28,25-34,Female,672.29,High,670.66,14,50183,2424,121,11176.0,0.0483,0.0499,15.6642
CMP-036,CUST-0375,2025-05-06,Social Media,Retargeting,South,40,35-44,Female,49.52,Low,4340.58,7,137041,6116,490,78205.35,0.0446,0.0801,17.0173
CMP-010,CUST-0376,2025-02-15,Social Media,Conversion,West,45,45-54,Female,192.03,Low,4747.95,21,173247,6814,485,59739.49,0.0393,0.0712,11.5822
CMP-028,CUST-0377,2025-05-28,Display Ads,Retargeting,West,54,45-54,Female,154.39,Low,4449.61,7,73728,1033,52,9362.06,0.014,0.0503,1.104
CMP-018,CUST-0378,2025-01-20,Social Media,Retargeting,East,42,35-44,Male,193.68,Low,1290.0,30,61178,2065,209,15689.48,0.0338,0.1012,11.1624
CMP-020,CUST-0379,2025-01-04,Social Media,Conversion,East,45,45-54,Male,147.66,Low,2863.13,10,95084,3542,225,41587.27,0.0373,0.0635,13.5251
CMP-015,CUST-0380,2025-05-17,Display Ads,Conversion,Central,18,18-24,Male,143.72,Low,3755.98,30,142526,1557,79,4450.67,0.0109,0.0507,0.185
CMP-009,CUST-0381,2025-03-19,Display Ads,Conversion,Central,18,18-24,Female,197.64,Low,3960.63,7,62991,865,40,5065.19,0.0137,0.0462,0.2789
CMP-006,CUST-0382,2025-01-11,Social Media,Conversion,North,50,45-54,Male,192.42,Low,872.91,10,43603,1643,84,5708.05,0.0377,0.0511,5.5391
CMP-001,CUST-0383,2025-03-31,Display Ads,Conversion,Central,40,35-44,Female,112.78,Low,790.28,7,37027,808,51,5188.77,0.0218,0.0631,5.5657
CMP-016,CUST-0384,2025-03-14,Social Media,Awareness,Central,35,35-44,Male,275.47,Medium,4723.05,10,219845,5142,159,13036.2,0.0234,0.0309,1.7601
CMP-024,CUST-0385,2025-02-24,Paid Search,Awareness,North,38,35-44,Female,490.19,Medium,1453.64,30,48459,2990,137,9135.53,0.0617,0.0458,5.2846
CMP-003,CUST-0386,2025-04-24,Email,Retargeting,West,30,25-34,Female,624.49,High,3036.49,10,116198,6752,566,28618.05,0.0581,0.0838,8.4247
CMP-024,CUST-0387,2025-06-23,Email,Conversion,West,28,25-34,Male,496.41,Medium,928.21,7,38222,1384,149,19846.23,0.0362,0.1077,20.3812
CMP-024,CUST-0388,2025-04-19,Influencer,Consideration,Central,40,35-44,Female,368.17,Medium,1700.81,21,74632,1518,63,10516.54,0.0203,0.0415,5.1833
CMP-031,CUST-0389,2025-02-01,Paid Search,Conversion,West,27,25-34,Female,630.7,High,2723.31,14,107250,5527,401,53232.43,0.0515,0.0726,18.547
CMP-002,CUST-0390,2025-01-20,Influencer,Consideration,East,42,35-44,Female,169.49,Low,4072.72,30,165198,5167,333,40879.4,0.0313,0.0644,9.0374
CMP-035,CUST-0391,2025-04-26,Paid Search,Conversion,North,56,55+,Female,126.59,Low,4486.44,14,164425,8324,558,82432.82,0.0506,0.067,17.3738
CMP-020,CUST-0392,2025-05-19,Paid Search,Retargeting,North,22,18-24,Female,326.45,Medium,2628.62,30,114405,5311,376,27973.31,0.0464,0.0708,9.6418
CMP-023,CUST-0393,2025-03-31,Display Ads,Consideration,North,37,35-44,Male,203.79,Medium,480.46,30,18937,287,11,1114.77,0.0152,0.0383,1.3202
CMP-016,CUST-0394,2025-01-30,Social Media,Retargeting,Central,48,45-54,Male,279.45,Medium,1173.43,14,38941,1458,97,10937.43,0.0374,0.0665,8.3209
CMP-002,CUST-0395,2025-05-06,Paid Search,Retargeting,East,26,25-34,Male,146.59,Low,3700.69,7,121209,7261,987,122475.52,0.0599,0.1359,32.0953
CMP-028,CUST-0396,2025-01-13,Email,Retargeting,North,41,35-44,Female,215.92,Medium,5181.7,14,181175,6279,723,46252.46,0.0347,0.1151,7.9261
CMP-034,CUST-0397,2025-04-21,Social Media,Awareness,North,28,25-34,Male,452.06,Medium,1869.76,30,59575,1616,75,9345.14,0.0271,0.0464,3.998
CMP-034,CUST-0398,2025-03-10,Display Ads,Retargeting,South,23,18-24,Male,133.16,Low,4273.33,30,199070,1948,120,15764.84,0.0098,0.0616,2.6891
CMP-030,CUST-0399,2025-01-17,Email,Awareness,East,40,35-44,Male,173.15,Low,4452.94,10,135247,4943,227,34454.01,0.0365,0.0459,6.7374
CMP-010,CUST-0400,2025-06-15,Email,Consideration,East,20,18-24,Female,324.87,Medium,1329.65,7,36602,1750,119,9063.75,0.0478,0.068,5.8166
CMP-003,CUST-0401,2025-03-18,Influencer,Retargeting,North,56,55+,Female,319.0,Medium,4717.79,7,142366,4127,302,19246.22,0.029,0.0732,3.0795
CMP-034,CUST-0402,2025-05-30,Social Media,Conversion,South,18,18-24,Female,162.87,Low,4258.33,21,235474,5859,289,15934.92,0.0249,0.0493,2.7421
CMP-027,CUST-0403,2025-05-20,Social Media,Retargeting,West,18,18-24,Female,257.13,Medium,2653.04,21,69489,2065,168,10050.45,0.0297,0.0814,2.7883
CMP-020,CUST-0404,2025-01-14,Email,Conversion,Central,51,45-54,Male,451.46,Medium,1576.97,10,62981,3056,205,37659.73,0.0485,0.0671,22.8811
CMP-016,CUST-0405,2025-03-02,Display Ads,Consideration,West,56,55+,Female,482.06,Medium,1370.37,14,65810,773,31,5586.49,0.0117,0.0401,3.0766
CMP-003,CUST-0406,2025-04-19,Social Media,Awareness,West,22,18-24,Male,1258.84,VIP,4348.34,7,200636,6683,224,25997.5,0.0333,0.0335,4.9787
CMP-030,CUST-0407,2025-04-13,Paid Search,Conversion,South,20,18-24,Female,856.28,High,3397.24,10,109384,4072,237,25006.58,0.0372,0.0582,6.3609
CMP-021,CUST-0408,2025-03-14,Social Media,Conversion,South,32,25-34,Male,296.63,Medium,759.33,10,24229,1034,68,9837.26,0.0427,0.0658,11.9552
CMP-002,CUST-0409,2025-06-29,Influencer,Retargeting,South,58,55+,Female,101.42,Low,591.45,10,24042,403,19,3644.31,0.0168,0.0471,5.1617
CMP-001,CUST-0410,2025-02-22,Paid Search,Consideration,West,39,35-44,Female,241.92,Medium,4938.35,10,278432,11189,911,97289.38,0.0402,0.0814,18.7008
CMP-014,CUST-0411,2025-03-16,Influencer,Consideration,South,24,18-24,Female,99.13,Low,1492.11,14,45183,1254,52,6323.72,0.0278,0.0415,3.2381
CMP-021,CUST-0412,2025-03-07,Influencer,Consideration,South,30,25-34,Male,117.53,Low,812.11,7,14781,245,10,1537.12,0.0166,0.0408,0.8927
CMP-020,CUST-0413,2025-03-08,Influencer,Retargeting,Unknown,47,45-54,Male,283.05,Medium,2793.17,10,159689,3768,184,17891.43,0.0236,0.0488,5.4054
CMP-008,CUST-0414,2025-04-21,Social Media,Conversion,West,48,45-54,Male,244.95,Medium,4728.54,14,154064,3444,262,33196.75,0.0224,0.0761,6.0205
CMP-032,CUST-0415,2025-01-10,Display Ads,Awareness,West,39,35-44,Female,107.97,Low,1612.09,21,56988,889,38,7115.71,0.0156,0.0427,3.414
CMP-036,CUST-0416,2025-02-16,Social Media,Retargeting,South,37,35-44,Male,411.17,Medium,3987.19,10,207393,7090,615,50276.05,0.0342,0.0867,11.6094
CMP-005,CUST-0417,2025-06-24,Social Media,Retargeting,North,35,35-44,Male,393.86,Medium,2261.72,7,109987,3404,363,26534.31,0.0309,0.1066,10.7319
CMP-018,CUST-0418,2025-05-26,Paid Search,Awareness,North,18,18-24,Female,209.8,Medium,1375.13,10,36655,1050,44,2148.56,0.0286,0.0419,0.5624
CMP-012,CUST-0419,2025-04-14,Social Media,Conversion,West,52,45-54,Female,1002.41,VIP,3488.76,14,170982,6722,381,64252.76,0.0393,0.0567,17.4171
CMP-023,CUST-0420,2025-03-10,Paid Search,Conversion,Central,37,35-44,Female,325.5,Medium,3261.65,30,86600,5526,421,32798.48,0.0638,0.0762,9.0558
CMP-033,CUST-0421,2025-05-15,Social Media,Consideration,South,23,18-24,Male,192.14,Low,757.25,30,23831,550,27,2131.61,0.0231,0.0491,1.8149
CMP-028,CUST-0422,2025-04-16,Social Media,Awareness,North,45,45-54,Male,481.13,Medium,2603.58,7,135813,3776,132,18061.54,0.0278,0.035,5.9372
CMP-012,CUST-0423,2025-04-27,Display Ads,Awareness,West,40,35-44,Male,54.51,Low,3375.48,21,89901,1174,48,3745.42,0.0131,0.0409,0.1096
CMP-017,CUST-0424,2025-06-17,Display Ads,Awareness,Central,44,35-44,Female,69.56,Low,2581.79,21,73803,1134,38,5986.69,0.0154,0.0335,1.3188
CMP-024,CUST-0425,2025-02-18,Paid Search,Conversion,West,35,35-44,Female,148.09,Low,4307.45,7,214158,10148,736,89359.89,0.0474,0.0725,19.7454
CMP-035,CUST-0426,2025-02-09,Email,Consideration,West,40,35-44,Female,462.95,Medium,5024.75,21,237382,12655,882,70663.68,0.0533,0.0697,13.0631
CMP-004,CUST-0427,2025-06-02,Social Media,Awareness,West,55,55+,Male,500.61,High,5195.28,30,101846,3079,112,17623.54,0.0302,0.0364,2.3922
CMP-004,CUST-0428,2025-05-02,Paid Search,Consideration,East,25,25-34,Male,192.93,Low,2749.73,7,175392,8600,752,33508.56,0.049,0.0874,11.1861
CMP-023,CUST-0429,2025-06-18,Social Media,Retargeting,Central,42,35-44,Male,625.89,High,986.12,21,32151,917,85,14735.83,0.0285,0.0927,13.9432
CMP-031,CUST-0430,2025-05-04,Display Ads,Conversion,Central,38,35-44,Female,267.59,Medium,1190.46,10,23151,460,27,5119.06,0.0199,0.0587,3.3001
CMP-036,CUST-0431,2025-05-09,Email,Awareness,East,29,25-34,Male,16.97,Low,4263.06,7,132089,6545,312,34670.6,0.0495,0.0477,7.1328
CMP-023,CUST-0432,2025-05-12,Display Ads,Conversion,Central,33,25-34,Male,443.35,Medium,3597.01,30,150178,2534,128,12573.14,0.0169,0.0505,2.4954
CMP-007,CUST-0433,2025-06-11,Display Ads,Retargeting,North,35,35-44,Female,278.21,Medium,4573.72,7,169979,2402,154,17797.48,0.0141,0.0641,2.8912
CMP-007,CUST-0434,2025-01-02,Email,Consideration,South,39,35-44,Male,434.12,Medium,4398.84,10,170244,8451,432,38734.81,0.0496,0.0511,7.8057
CMP-016,CUST-0435,2025-04-15,Email,Conversion,West,35,35-44,Female,926.07,VIP,4966.43,21,231667,9209,978,113178.67,0.0398,0.1062,21.7887
CMP-034,CUST-0436,2025-04-11,Influencer,Awareness,East,18,18-24,Female,606.86,High,3551.85,7,162924,4966,141,16875.97,0.0305,0.0284,3.7513
CMP-034,CUST-0437,2025-03-30,Influencer,Consideration,Central,46,45-54,Female,1403.46,VIP,4360.97,7,223338,4181,131,14412.79,0.0187,0.0313,2.305
CMP-029,CUST-0438,2025-05-18,Paid Search,Conversion,West,37,35-44,Female,127.2,Low,2241.47,14,145455,4174,398,51827.81,0.0287,0.0954,22.1222
CMP-020,CUST-0439,2025-03-08,Paid Search,Conversion,South,56,55+,Male,489.66,Medium,4386.31,10,159633,8863,622,98550.4,0.0555,0.0702,21.4677
CMP-033,CUST-0440,2025-03-28,Social Media,Awareness,North,20,18-24,Female,300.64,Medium,4256.13,10,249734,8716,392,46731.32,0.0349,0.045,9.9798
CMP-023,CUST-0441,2025-03-05,Social Media,Retargeting,Central,25,25-34,Male,1322.41,VIP,1940.06,7,89924,1992,141,7621.4,0.0222,0.0708,2.9284
CMP-006,CUST-0442,2025-05-15,Email,Consideration,South,22,18-24,Female,226.79,Medium,3202.96,21,135275,6303,276,28526.19,0.0466,0.0438,7.9062
CMP-032,CUST-0443,2025-02-03,Display Ads,Consideration,South,37,35-44,Male,669.12,High,4536.87,30,74606,1220,51,8189.73,0.0164,0.0418,0.8051
CMP-008,CUST-0444,2025-01-31,Paid Search,Consideration,North,27,25-34,Male,508.5,High,1828.88,14,69040,4067,235,13999.64,0.0589,0.0578,6.6548
CMP-020,CUST-0445,2025-01-12,Display Ads,Awareness,West,47,45-54,Female,156.27,Low,2683.71,21,63717,959,25,2652.26,0.0151,0.0261,-0.0117
CMP-030,CUST-0446,2025-06-20,Display Ads,Retargeting,South,40,35-44,Male,1097.27,VIP,2336.7,30,49075,629,40,7672.5,0.0128,0.0636,2.2835
CMP-002,CUST-0447,2025-02-19,Paid Search,Conversion,East,28,25-34,Male,271.36,Medium,2977.9,30,204344,10176,1068,143452.38,0.0498,0.105,47.1723
CMP-035,CUST-0448,2025-04-24,Email,Awareness,South,34,25-34,Male,90.96,Low,4263.57,7,196327,11873,421,62317.62,0.0605,0.0355,13.6163
CMP-027,CUST-0449,2025-02-13,Email,Retargeting,West,33,25-34,Female,89.65,Low,1048.57,14,28952,1444,129,11880.26,0.0499,0.0893,10.33
CMP-021,CUST-0450,2025-03-24,Email,Conversion,East,26,25-34,Female,336.4,Medium,2171.24,14,107584,5437,444,59723.53,0.0505,0.0817,26.5066
CMP-033,CUST-0451,2025-01-08,Social Media,Awareness,North,28,25-34,Female,337.98,Medium,3422.68,21,153923,6176,294,33545.18,0.0401,0.0476,8.8009
CMP-027,CUST-0452,2025-02-13,Social Media,Conversion,Central,42,35-44,Female,207.15,Medium,2957.05,10,120060,5964,389,19663.08,0.0497,0.0652,5.6496
CMP-019,CUST-0453,2025-06-24,Paid Search,Awareness,North,45,45-54,Male,106.16,Low,5196.32,21,293226,13686,735,67562.34,0.0467,0.0537,12.002
CMP-005,CUST-0454,2025-04-21,Social Media,Consideration,North,42,35-44,Other,78.14,Low,3310.66,10,173566,3836,258,26051.02,0.0221,0.0673,6.8688
CMP-029,CUST-0455,2025-01-05,Social Media,Retargeting,East,27,25-34,Male,93.06,Low,3485.25,10,65589,2528,292,36424.92,0.0385,0.1155,9.4512
CMP-032,CUST-0456,2025-04-24,Display Ads,Retargeting,North,18,18-24,Male,843.86,High,2062.02,7,90866,1210,65,4146.61,0.0133,0.0537,1.0109
CMP-001,CUST-0457,2025-03-13,Email,Consideration,South,26,25-34,Female,83.5,Low,1278.83,14,76017,3602,253,17507.89,0.0474,0.0702,12.6906
CMP-014,CUST-0458,2025-02-13,Email,Conversion,West,40,35-44,Male,422.65,Medium,1289.79,30,73276,3672,336,25639.51,0.0501,0.0915,18.8788
CMP-009,CUST-0459,2025-06-23,Social Media,Retargeting,South,47,45-54,Female,104.12,Low,5160.96,7,239292,5806,332,44180.28,0.0243,0.0572,7.5605
CMP-004,CUST-0460,2025-04-03,Display Ads,Consideration,West,31,25-34,Female,253.12,Medium,4031.26,30,150978,3008,124,11614.79,0.0199,0.0412,1.8812
CMP-013,CUST-0461,2025-01-20,Social Media,Conversion,North,41,35-44,Male,247.22,Medium,1304.85,10,34843,1104,94,5124.32,0.0317,0.0851,2.9271
CMP-022,CUST-0462,2025-03-27,Display Ads,Consideration,West,34,25-34,Female,396.64,Medium,4201.44,30,200384,3607,177,24069.19,0.018,0.0491,4.7288
CMP-006,CUST-0463,2025-02-02,Influencer,Conversion,West,25,25-34,Female,454.12,Medium,4807.71,7,147212,5128,386,19335.59,0.0348,0.0753,3.0218
CMP-019,CUST-0464,2025-06-18,Display Ads,Consideration,Central,34,25-34,Male,526.8,High,401.44,30,11727,147,7,827.16,0.0125,0.0476,1.0605
CMP-022,CUST-0465,2025-02-19,Paid Search,Awareness,North,30,25-34,Male,169.25,Low,961.01,30,42944,2129,119,14085.39,0.0496,0.0559,13.6569
CMP-003,CUST-0466,2025-05-30,Email,Consideration,West,18,18-24,Female,344.94,Medium,4111.15,30,105942,4641,232,20268.93,0.0438,0.05,3.9302
CMP-033,CUST-0467,2025-02-21,Display Ads,Retargeting,North,27,25-34,Female,161.53,Low,2006.53,7,75202,1205,106,12271.7,0.016,0.088,5.1159
CMP-022,CUST-0468,2025-05-07,Paid Search,Consideration,South,51,45-54,Male,243.0,Medium,4811.77,10,274265,18187,962,78748.59,0.0663,0.0529,15.3658
CMP-022,CUST-0469,2025-01-19,Display Ads,Consideration,West,47,45-54,Female,414.26,Medium,495.59,14,8364,202,6,821.08,0.0242,0.0297,0.6568
CMP-036,CUST-0470,2025-06-23,Social Media,Awareness,South,47,45-54,Female,46.76,Low,2187.78,10,93111,1777,71,6775.44,0.0191,0.04,2.0969
CMP-011,CUST-0471,2025-02-06,Influencer,Conversion,Central,50,45-54,Female,114.31,Low,4205.26,10,96856,1681,78,10833.69,0.0174,0.0464,1.5762
CMP-010,CUST-0472,2025-05-06,Social Media,Awareness,East,48,45-54,Male,79.49,Low,3877.4,10,211541,4685,197,14797.3,0.0221,0.042,2.8163
CMP-033,CUST-0473,2025-05-07,Social Media,Retargeting,South,29,25-34,Male,171.95,Low,1651.43,21,65568,2500,209,9718.99,0.0381,0.0836,4.8852
CMP-016,CUST-0474,2025-05-21,Social Media,Consideration,West,18,18-24,Female,240.33,Medium,1001.5,7,21754,540,24,2731.86,0.0248,0.0444,1.7278
CMP-028,CUST-0475,2025-02-15,Social Media,Consideration,East,37,35-44,Female,283.21,Medium,1483.88,21,61939,1623,84,14680.53,0.0262,0.0518,8.8933
CMP-018,CUST-0476,2025-06-22,Influencer,Awareness,North,25,25-34,Female,315.85,Medium,1562.61,14,74971,2273,112,7330.29,0.0303,0.0493,3.6911
CMP-035,CUST-0477,2025-04-14,Influencer,Awareness,East,31,25-34,Other,497.09,Medium,4025.36,30,75211,2254,125,19879.14,0.03,0.0555,3.9385
CMP-014,CUST-0478,2025-01-22,Social Media,Retargeting,Central,34,25-34,Female,104.16,Low,4452.14,14,183498,3805,277,26580.29,0.0207,0.0728,4.9702
CMP-032,CUST-0479,2025-06-26,Display Ads,Conversion,East,35,35-44,Male,418.56,Medium,1803.24,30,60157,1108,56,3972.43,0.0184,0.0505,1.2029
CMP-026,CUST-0480,2025-03-26,Influencer,Awareness,West,44,35-44,Female,310.03,Medium,5015.4,30,186401,5054,173,25952.27,0.0271,0.0342,4.1745
CMP-013,CUST-0481,2025-04-27,Email,Conversion,East,36,35-44,Male,179.7,Low,2137.96,7,43545,2303,264,28545.56,0.0529,0.1146,12.3518
CMP-025,CUST-0482,2025-06-20,Influencer,Conversion,South,40,35-44,Male,253.12,Medium,1120.09,21,39351,848,46,7185.0,0.0215,0.0542,5.4147
CMP-010,CUST-0483,2025-05-06,Social Media,Conversion,Central,38,35-44,Male,77.26,Low,2594.07,21,45169,1082,77,14324.24,0.024,0.0712,4.5219
CMP-020,CUST-0484,2025-04-21,Social Media,Conversion,South,28,25-34,Male,312.83,Medium,2215.63,21,105654,3619,204,26098.39,0.0343,0.0564,10.7792
CMP-005,CUST-0485,2025-02-01,Paid Search,Conversion,South,43,35-44,Male,142.02,Low,721.19,14,22149,1010,79,9239.69,0.0456,0.0782,11.8117
CMP-030,CUST-0486,2025-04-12,Email,Retargeting,West,20,18-24,Male,264.79,Medium,402.08,7,12138,681,50,6704.36,0.0561,0.0734,15.6742
CMP-036,CUST-0487,2025-02-13,Paid Search,Conversion,West,46,45-54,Male,160.52,Low,3293.89,7,89530,6120,526,39588.72,0.0684,0.0859,11.0188
CMP-012,CUST-0488,2025-05-14,Email,Awareness,Central,37,35-44,Male,218.81,Medium,2244.5,7,65337,3916,128,21044.18,0.0599,0.0327,8.3759
CMP-006,CUST-0489,2025-02-26,Email,Awareness,North,30,25-34,Male,127.72,Low,4215.08,7,213379,10780,470,43770.46,0.0505,0.0436,9.3843
CMP-036,CUST-0490,2025-01-28,Paid Search,Retargeting,Central,24,18-24,Female,94.36,Low,1918.33,14,48086,2856,163,11111.78,0.0594,0.0571,4.7924
CMP-018,CUST-0491,2025-05-08,Paid Search,Consideration,North,42,35-44,Male,124.99,Low,3805.78,7,265309,11737,916,80229.11,0.0442,0.078,20.0809
CMP-025,CUST-0492,2025-03-23,Paid Search,Conversion,South,26,25-34,Male,506.0,High,677.44,21,18574,1228,103,10800.19,0.0661,0.0839,14.9427
CMP-001,CUST-0493,2025-06-08,Social Media,Retargeting,North,27,25-34,Male,2783.55,VIP,640.63,7,19860,848,64,4296.92,0.0427,0.0755,5.7073
CMP-022,CUST-0494,2025-03-15,Email,Consideration,North,18,18-24,Male,969.74,VIP,1460.7,7,73360,3039,146,7103.06,0.0414,0.048,3.8628
CMP-015,CUST-0495,2025-05-06,Paid Search,Consideration,East,40,35-44,Female,106.63,Low,4975.26,7,149386,9970,966,66589.09,0.0667,0.0969,12.384
CMP-014,CUST-0496,2025-02-15,Social Media,Awareness,West,27,25-34,Female,400.77,Medium,1557.5,30,45833,1944,92,6940.38,0.0424,0.0473,3.4561
CMP-024,CUST-0497,2025-02-09,Social Media,Awareness,West,20,18-24,Female,312.48,Medium,446.08,21,16958,619,25,3883.71,0.0365,0.0404,7.7063
CMP-012,CUST-0498,2025-03-27,Social Media,Consideration,West,31,25-34,Female,434.28,Medium,3817.09,10,116321,4751,213,31520.5,0.0408,0.0448,7.2577
CMP-026,CUST-0499,2025-01-19,Influencer,Conversion,East,26,25-34,Other,1102.11,VIP,4642.25,21,210901,5935,560,34703.52,0.0281,0.0944,6.4756
CMP-023,CUST-0500,2025-03-05,Social Media,Retargeting,East,28,25-34,Male,347.29,Medium,2666.97,10,138602,3098,330,15006.91,0.0224,0.1065,4.627
CMP-030,CUST-0501,2025-01-04,Influencer,Awareness,South,18,18-24,Male,789.66,High,4089.22,7,188911,3191,91,10382.89,0.0169,0.0285,1.5391
CMP-013,CUST-0502,2025-06-18,Display Ads,Awareness,West,33,25-34,Male,83.41,Low,3192.49,21,128953,2295,96,14298.09,0.0178,0.0418,3.4787
CMP-023,CUST-0503,2025-02-13,Display Ads,Consideration,South,44,35-44,Female,388.2,Medium,357.66,21,6463,87,3,441.02,0.0135,0.0345,0.2331
CMP-024,CUST-0504,2025-02-24,Email,Awareness,West,45,45-54,Female,635.83,High,1324.56,10,79459,5319,184,35968.87,0.0669,0.0346,26.1553
CMP-007,CUST-0505,2025-01-08,Display Ads,Awareness,East,38,35-44,Female,45.36,Low,1488.68,30,48003,761,22,1972.82,0.0159,0.0289,0.3252
CMP-025,CUST-0506,2025-04-20,Paid Search,Conversion,East,45,45-54,Female,380.59,Medium,2148.31,14,165248,7707,751,142157.0,0.0466,0.0974,65.1715
CMP-004,CUST-0507,2025-02-05,Influencer,Conversion,North,56,55+,Female,173.55,Low,3269.26,7,144908,3653,240,40968.39,0.0252,0.0657,11.5314
CMP-031,CUST-0508,2025-01-05,Social Media,Retargeting,North,61,55+,Male,250.56,Medium,4586.16,14,343110,16986,1675,142162.71,0.0495,0.0986,29.9982
CMP-006,CUST-0509,2025-04-09,Social Media,Conversion,West,55,55+,Male,269.64,Medium,3294.79,14,173827,5363,400,66498.25,0.0309,0.0746,19.1828
CMP-036,CUST-0510,2025-03-04,Influencer,Consideration,West,46,45-54,Male,188.28,Low,1176.6,10,64095,1489,53,10442.07,0.0232,0.0356,7.8748
CMP-018,CUST-0511,2025-05-17,Email,Consideration,West,49,45-54,Male,389.11,Medium,788.64,21,46002,1866,123,20111.9,0.0406,0.0659,24.502
CMP-025,CUST-0512,2025-04-22,Influencer,Conversion,West,23,18-24,Male,123.81,Low,1434.22,10,26123,445,20,2661.83,0.017,0.0449,0.8559
CMP-021,CUST-0513,2025-04-10,Influencer,Retargeting,North,28,25-34,Female,319.92,Medium,1900.27,21,61184,1946,186,19702.87,0.0318,0.0956,9.3685
CMP-026,CUST-0514,2025-05-08,Email,Conversion,East,50,45-54,Male,112.03,Low,1065.01,21,38982,2482,226,39002.2,0.0637,0.0911,35.6214
CMP-033,CUST-0515,2025-04-07,Influencer,Awareness,Central,18,18-24,Male,1025.71,VIP,5108.54,7,166281,4390,107,14136.51,0.0264,0.0244,1.7672
CMP-004,CUST-0516,2025-02-10,Influencer,Conversion,West,32,25-34,Male,200.97,Medium,3007.52,7,93651,1911,168,22713.41,0.0204,0.0879,6.5522
CMP-019,CUST-0517,2025-05-29,Social Media,Conversion,Central,29,25-34,Male,385.93,Medium,4471.58,7,204606,7019,391,23037.72,0.0343,0.0557,4.152
CMP-010,CUST-0518,2025-05-28,Email,Conversion,South,33,25-34,Male,355.71,Medium,3639.84,7,204659,8936,867,81961.55,0.0437,0.097,21.5179
CMP-003,CUST-0519,2025-04-07,Email,Consideration,East,23,18-24,Male,222.74,Medium,4121.99,7,256363,5698,302,36947.6,0.0222,0.053,7.9635
CMP-006,CUST-0520,2025-05-03,Email,Retargeting,Central,36,35-44,Other,392.2,Medium,3714.57,14,97382,5648,455,90086.92,0.058,0.0806,23.2523
CMP-009,CUST-0521,2025-05-23,Email,Awareness,Central,42,35-44,Female,878.11,High,4149.85,30,155271,9569,483,62767.64,0.0616,0.0505,14.1253
CMP-014,CUST-0522,2025-04-25,Influencer,Conversion,South,44,35-44,Female,944.23,VIP,946.77,14,18503,342,18,2401.64,0.0185,0.0526,1.5367
CMP-024,CUST-0523,2025-03-17,Influencer,Awareness,North,34,25-34,Male,179.1,Low,2507.86,30,101395,2706,116,18940.53,0.0267,0.0429,6.5525
CMP-014,CUST-0524,2025-02-25,Paid Search,Retargeting,North,34,25-34,Female,129.66,Low,3270.4,10,103290,6131,559,66266.36,0.0594,0.0912,19.2625
CMP-025,CUST-0525,2025-06-27,Paid Search,Awareness,West,41,35-44,Female,144.04,Low,2949.14,10,84320,4753,322,49345.89,0.0564,0.0677,15.7323
CMP-033,CUST-0526,2025-06-04,Paid Search,Consideration,South,26,25-34,Female,358.9,Medium,725.99,10,18061,1271,86,4309.72,0.0704,0.0677,4.9363
CMP-022,CUST-0527,2025-02-26,Display Ads,Awareness,South,33,25-34,Other,488.6,Medium,4966.15,21,165317,2724,87,13022.85,0.0165,0.0319,1.6223
CMP-007,CUST-0528,2025-02-13,Paid Search,Conversion,East,19,18-24,Male,299.03,Medium,4940.57,14,193557,9101,859,138354.01,0.047,0.0944,27.0037
CMP-026,CUST-0529,2025-02-06,Social Media,Awareness,North,27,25-34,Male,820.31,High,3102.67,21,104557,2273,112,9803.2,0.0217,0.0493,2.1596
CMP-027,CUST-0530,2025-04-20,Paid Search,Awareness,East,37,35-44,Female,713.41,High,4917.13,30,354554,13866,749,132594.88,0.0391,0.054,25.9659
CMP-021,CUST-0531,2025-01-15,Display Ads,Retargeting,North,30,25-34,Female,221.61,Medium,3955.54,7,124567,886,75,12025.98,0.0071,0.0847,2.0403
CMP-009,CUST-0532,2025-01-02,Social Media,Retargeting,Central,30,25-34,Male,296.65,Medium,3757.57,21,163839,4129,350,55634.88,0.0252,0.0848,13.8061
CMP-029,CUST-0533,2025-02-04,Influencer,Retargeting,Central,39,35-44,Female,141.23,Low,2063.46,30,39324,906,52,10063.66,0.023,0.0574,3.8771
CMP-035,CUST-0534,2025-06-11,Display Ads,Conversion,East,31,25-34,Female,251.46,Medium,2259.06,30,111534,1965,160,16865.61,0.0176,0.0814,6.4658
CMP-007,CUST-0535,2025-02-20,Email,Conversion,South,32,25-34,Female,429.37,Medium,2916.12,7,170667,7810,747,32008.94,0.0458,0.0956,9.9766
CMP-031,CUST-0536,2025-04-23,Social Media,Consideration,West,44,35-44,Female,167.55,Low,1134.9,21,36165,959,53,9481.06,0.0265,0.0553,7.3541
CMP-003,CUST-0537,2025-05-03,Email,Consideration,East,39,35-44,Female,1177.0,VIP,926.14,14,39383,1637,131,9066.41,0.0416,0.08,8.7895
CMP-026,CUST-0538,2025-02-02,Social Media,Conversion,West,52,45-54,Male,216.03,Medium,2018.98,10,41834,1883,92,15905.31,0.045,0.0489,6.8779
CMP-001,CUST-0539,2025-05-11,Social Media,Consideration,West,44,35-44,Male,452.42,Medium,1559.91,10,85904,3066,227,19728.46,0.0357,0.074,11.6472
CMP-007,CUST-0540,2025-02-08,Paid Search,Retargeting,South,42,35-44,Male,576.25,High,934.24,10,36082,2627,218,15691.74,0.0728,0.083,15.7963
CMP-034,CUST-0541,2025-04-20,Social Media,Retargeting,South,36,35-44,Female,212.01,Medium,1825.81,7,49371,1940,144,16143.52,0.0393,0.0742,7.8418
CMP-003,CUST-0542,2025-01-26,Email,Retargeting,East,36,35-44,Male,542.61,High,1246.47,21,74249,4148,407,26333.13,0.0559,0.0981,20.1262
CMP-024,CUST-0543,2025-04-09,Display Ads,Retargeting,Central,22,18-24,Female,1254.27,VIP,4652.89,7,94703,1747,68,7762.0,0.0184,0.0389,0.6682
CMP-013,CUST-0544,2025-05-02,Email,Consideration,North,46,45-54,Female,744.58,High,2937.75,10,71107,3601,195,30309.36,0.0506,0.0542,9.3172
CMP-023,CUST-0545,2025-05-09,Display Ads,Consideration,North,37,35-44,Female,266.75,Medium,1159.64,7,31265,448,19,3638.05,0.0143,0.0424,2.1372
CMP-033,CUST-0546,2025-03-11,Influencer,Awareness,Central,19,18-24,Female,537.39,High,1242.72,10,25637,804,25,3753.4,0.0314,0.0311,2.0203
CMP-034,CUST-0547,2025-01-12,Social Media,Conversion,East,30,25-34,Female,65.98,Low,1505.35,30,26843,627,63,9831.24,0.0234,0.1005,5.5309
CMP-016,CUST-0548,2025-04-05,Influencer,Awareness,North,44,35-44,Male,334.42,Medium,753.74,14,32477,813,38,4205.51,0.025,0.0467,4.5795
CMP-004,CUST-0549,2025-01-05,Paid Search,Awareness,East,39,35-44,Female,117.3,Low,3537.99,30,262822,21314,1327,208413.42,0.0811,0.0623,57.9073
CMP-036,CUST-0550,2025-04-12,Email,Consideration,East,32,25-34,Male,267.84,Medium,2513.37,10,130293,7554,459,46321.29,0.058,0.0608,17.43
CMP-012,CUST-0551,2025-02-15,Email,Retargeting,South,32,25-34,Female,369.63,Medium,3683.73,21,94536,4099,356,34876.6,0.0434,0.0869,8.4677
CMP-034,CUST-0552,2025-01-04,Email,Conversion,North,25,25-34,Female,614.01,High,991.07,7,49825,1951,214,24771.65,0.0392,0.1097,23.9949
CMP-022,CUST-0553,2025-02-11,Display Ads,Awareness,South,19,18-24,Female,130.76,Low,1959.02,14,32007,496,14,1668.53,0.0155,0.0282,-0.1483
CMP-033,CUST-0554,2025-02-07,Display Ads,Consideration,North,36,35-44,Female,431.78,Medium,3528.52,14,86668,1266,57,10311.95,0.0146,0.045,1.9225
CMP-011,CUST-0555,2025-01-22,Influencer,Consideration,East,24,18-24,Female,69.92,Low,3281.86,7,78318,2423,123,15445.15,0.0309,0.0508,3.7062
CMP-020,CUST-0556,2025-03-09,Paid Search,Consideration,North,32,25-34,Female,119.22,Low,4175.95,7,312525,20419,1752,105173.36,0.0653,0.0858,24.1855
CMP-031,CUST-0557,2025-02-02,Display Ads,Awareness,West,42,35-44,Female,387.7,Medium,4072.55,10,103463,1482,51,9893.62,0.0143,0.0344,1.4293
CMP-009,CUST-0558,2025-05-07,Display Ads,Retargeting,South,23,18-24,Male,1782.66,VIP,2950.63,30,54535,970,54,5767.97,0.0178,0.0557,0.9548
CMP-015,CUST-0559,2025-05-02,Paid Search,Consideration,North,40,35-44,Female,483.94,Medium,4816.38,10,117803,8641,764,136248.42,0.0734,0.0884,27.2886
CMP-010,CUST-0560,2025-02-05,Display Ads,Retargeting,West,34,25-34,Female,155.57,Low,5015.95,7,173175,3668,193,31012.07,0.0212,0.0526,5.1827
CMP-005,CUST-0561,2025-01-20,Social Media,Retargeting,South,44,35-44,Female,779.78,High,3110.54,7,137308,4567,309,49486.09,0.0333,0.0677,14.9092
CMP-020,CUST-0562,2025-02-09,Social Media,Conversion,West,37,35-44,Female,1029.91,VIP,4623.61,7,101577,2169,168,8736.68,0.0214,0.0775,0.8896
CMP-030,CUST-0563,2025-02-10,Paid Search,Conversion,Central,18,18-24,Female,329.01,Medium,5069.64,14,283655,14690,794,54039.09,0.0518,0.0541,9.6594
CMP-012,CUST-0564,2025-03-22,Display Ads,Conversion,Central,45,45-54,Female,642.63,High,4362.18,21,95613,946,43,3403.12,0.0099,0.0455,-0.2199
CMP-002,CUST-0565,2025-03-21,Social Media,Awareness,North,47,45-54,Male,327.37,Medium,3025.7,10,109967,3935,131,25486.77,0.0358,0.0333,7.4234
CMP-031,CUST-0566,2025-04-12,Email,Consideration,East,44,35-44,Female,112.84,Low,1295.19,30,75714,3444,312,48082.99,0.0455,0.0906,36.1243
CMP-033,CUST-0567,2025-01-10,Email,Conversion,South,53,45-54,Female,174.11,Low,1131.93,14,49005,2333,160,30565.76,0.0476,0.0686,26.0032
CMP-010,CUST-0568,2025-03-29,Display Ads,Awareness,Central,18,18-24,Male,225.26,Medium,4158.96,21,98926,1429,41,3895.04,0.0144,0.0287,-0.0635
CMP-005,CUST-0569,2025-03-21,Influencer,Retargeting,West,35,35-44,Male,147.92,Low,4557.54,30,237402,6065,488,57354.46,0.0255,0.0805,11.5845
CMP-005,CUST-0570,2025-05-02,Social Media,Consideration,North,49,45-54,Female,264.08,Medium,4051.26,14,168458,6197,379,73457.8,0.0368,0.0612,17.1321
CMP-019,CUST-0571,2025-03-22,Social Media,Conversion,South,21,18-24,Male,485.49,Medium,754.93,14,25912,908,61,9999.33,0.035,0.0672,12.2454
CMP-010,CUST-0572,2025-04-29,Display Ads,Consideration,South,18,18-24,Female,170.48,Low,2042.35,7,59923,733,29,1607.23,0.0122,0.0396,-0.213
CMP-026,CUST-0573,2025-02-24,Display Ads,Awareness,East,43,35-44,Male,115.15,Low,904.48,21,26243,424,19,1365.68,0.0162,0.0448,0.5099
CMP-025,CUST-0574,2025-01-06,Email,Conversion,West,41,35-44,Female,109.77,Low,1658.76,21,69086,3045,209,23029.31,0.0441,0.0686,12.8834
CMP-027,CUST-0575,2025-04-20,Paid Search,Retargeting,East,35,35-44,Male,334.07,Medium,5022.32,14,166117,9216,1323,160728.48,0.0555,0.1436,31.0028
CMP-028,CUST-0576,2025-02-20,Social Media,Conversion,West,40,35-44,Male,1518.33,VIP,3855.21,7,139099,3324,278,47801.87,0.0239,0.0836,11.3993
CMP-021,CUST-0577,2025-06-22,Email,Conversion,South,24,18-24,Male,436.39,Medium,1624.59,21,100807,4539,357,52637.45,0.045,0.0787,31.4005
CMP-007,CUST-0578,2025-04-07,Email,Conversion,South,21,18-24,Female,753.69,High,2038.21,10,149787,7636,511,22365.26,0.051,0.0669,9.973
CMP-008,CUST-0579,2025-04-20,Paid Search,Retargeting,West,25,25-34,Male,293.26,Medium,5074.24,30,227946,13101,1378,121117.85,0.0575,0.1052,22.8692
CMP-028,CUST-0580,2025-01-26,Social Media,Conversion,West,22,18-24,Male,265.43,Medium,4258.81,7,102928,2452,163,15091.75,0.0238,0.0665,2.5437
CMP-035,CUST-0581,2025-02-24,Email,Consideration,Central,39,35-44,Male,106.49,Low,4117.87,10,160730,5014,340,64838.48,0.0312,0.0678,14.7456
CMP-030,CUST-0582,2025-03-14,Social Media,Conversion,West,44,35-44,Female,241.85,Medium,4616.09,14,151089,4884,433,48328.06,0.0323,0.0887,9.4695
CMP-010,CUST-0583,2025-05-27,Display Ads,Conversion,Central,40,35-44,Female,677.51,High,1522.88,21,59993,657,36,6216.98,0.011,0.0548,3.0824
CMP-009,CUST-0584,2025-03-01,Influencer,Consideration,South,26,25-34,Female,453.11,Medium,3793.62,7,71231,1976,101,9111.97,0.0277,0.0511,1.4019
CMP-021,CUST-0585,2025-06-08,Email,Awareness,West,52,45-54,Female,230.06,Medium,4814.88,30,113796,5260,240,16720.53,0.0462,0.0456,2.4727
CMP-023,CUST-0586,2025-04-07,Email,Retargeting,South,30,25-34,Female,303.04,Medium,3547.4,14,136400,7737,742,89426.99,0.0567,0.0959,24.2092
CMP-030,CUST-0587,2025-05-07,Influencer,Awareness,South,29,25-34,Female,258.18,Medium,4776.69,14,100888,3674,156,14490.94,0.0364,0.0425,2.0337
CMP-014,CUST-0588,2025-03-18,Paid Search,Consideration,East,25,25-34,Female,198.42,Low,4732.65,7,269031,11482,1075,60647.71,0.0427,0.0936,11.8147
CMP-035,CUST-0589,2025-01-06,Email,Retargeting,East,40,35-44,Female,203.49,Medium,2831.96,30,89419,3765,331,27282.0,0.0421,0.0879,8.6336
CMP-009,CUST-0590,2025-05-07,Social Media,Retargeting,Unknown,25,25-34,Female,540.87,High,2836.38,21,86885,3411,262,33145.11,0.0393,0.0768,10.6857
CMP-026,CUST-0591,2025-05-05,Email,Conversion,Central,26,25-34,Male,344.43,Medium,4631.86,21,200444,12287,1067,126565.46,0.0613,0.0868,26.325
CMP-023,CUST-0592,2025-03-06,Social Media,Retargeting,North,18,18-24,Male,233.27,Medium,2337.57,30,112469,4118,374,40111.98,0.0366,0.0908,16.1597
CMP-021,CUST-0593,2025-03-22,Social Media,Awareness,South,48,45-54,Female,200.5,Medium,396.72,7,19519,713,20,2683.17,0.0365,0.0281,5.7634
CMP-005,CUST-0594,2025-06-21,Social Media,Retargeting,Central,36,35-44,Male,268.22,Medium,3133.65,7,146946,6001,441,75171.55,0.0408,0.0735,22.9885
CMP-018,CUST-0595,2025-01-06,Social Media,Awareness,South,22,18-24,Female,75.42,Low,436.51,14,22120,583,14,1383.17,0.0264,0.024,2.1687
CMP-034,CUST-0596,2025-03-19,Email,Retargeting,North,18,18-24,Female,117.84,Low,1888.37,14,58239,2824,268,27534.24,0.0485,0.0949,13.581
CMP-030,CUST-0597,2025-02-27,Social Media,Retargeting,North,48,45-54,Female,183.81,Low,4353.46,7,124532,2262,198,31145.36,0.0182,0.0875,6.1542
CMP-024,CUST-0598,2025-01-12,Display Ads,Retargeting,North,54,45-54,Female,161.7,Low,582.82,7,12793,157,9,1505.2,0.0123,0.0573,1.5826
CMP-009,CUST-0599,2025-04-16,Paid Search,Awareness,East,45,45-54,Male,78.1,Low,3590.94,21,155452,5814,279,34244.27,0.0374,0.048,8.5363
CMP-031,CUST-0600,2025-03-04,Email,Consideration,East,31,25-34,Male,252.99,Medium,3720.58,10,91054,3280,207,25765.57,0.036,0.0631,5.9251
CMP-032,CUST-0601,2025-03-21,Email,Awareness,Central,34,25-34,Female,206.67,Medium,3528.15,21,176355,5844,207,32034.03,0.0331,0.0354,8.0796
CMP-033,CUST-0602,2025-05-28,Email,Consideration,North,32,25-34,Female,395.65,Medium,1064.36,7,68909,3503,212,32218.5,0.0508,0.0605,29.2703
CMP-017,CUST-0603,2025-05-11,Email,Retargeting,East,28,25-34,Male,234.84,Medium,607.81,14,17227,815,95,12543.44,0.0473,0.1166,19.6371
CMP-026,CUST-0604,2025-06-15,Email,Consideration,Central,22,18-24,Male,107.05,Low,5001.01,10,129364,5876,212,15844.86,0.0454,0.0361,2.1683
CMP-026,CUST-0605,2025-06-13,Social Media,Awareness,East,27,25-34,Female,493.84,Medium,3773.39,14,93224,2995,124,19053.5,0.0321,0.0414,4.0494
CMP-016,CUST-0606,2025-01-04,Email,Conversion,South,43,35-44,Female,188.38,Low,2425.42,21,62895,4063,383,28954.43,0.0646,0.0943,10.9379
CMP-001,CUST-0607,2025-03-16,Social Media,Consideration,North,35,35-44,Male,471.14,Medium,2897.56,10,64233,2079,102,9726.65,0.0324,0.0491,2.3568
CMP-023,CUST-0608,2025-03-19,Influencer,Consideration,West,33,25-34,Male,55.39,Low,4673.16,14,236214,7344,479,55217.42,0.0311,0.0652,10.8159
CMP-002,CUST-0609,2025-03-04,Email,Consideration,South,30,25-34,Male,56.51,Low,3943.91,30,238639,9639,659,43390.26,0.0404,0.0684,10.0018
CMP-034,CUST-0610,2025-03-12,Email,Conversion,East,42,35-44,Female,649.95,High,1274.28,14,63616,2456,273,18713.9,0.0386,0.1112,13.6859
CMP-023,CUST-0611,2025-05-14,Social Media,Conversion,West,39,35-44,Male,136.17,Low,3375.41,14,140243,4241,294,49523.79,0.0302,0.0693,13.6719
CMP-004,CUST-0612,2025-03-31,Social Media,Awareness,East,33,25-34,Female,372.39,Medium,4158.53,14,186058,5914,298,47472.38,0.0318,0.0504,10.4157
CMP-013,CUST-0613,2025-06-23,Social Media,Conversion,East,36,35-44,Female,154.72,Low,2399.43,21,115881,4614,346,32862.58,0.0398,0.075,12.696
CMP-021,CUST-0614,2025-03-20,Display Ads,Awareness,South,33,25-34,Female,434.93,Medium,1792.07,7,75784,1396,37,5114.73,0.0184,0.0265,1.8541
CMP-034,CUST-0615,2025-04-16,Social Media,Consideration,East,22,18-24,Female,334.45,Medium,484.21,21,22904,766,39,5263.84,0.0334,0.0509,9.871
CMP-016,CUST-0616,2025-04-11,Paid Search,Consideration,Central,20,18-24,Female,908.98,VIP,2304.27,10,59688,2866,172,16960.43,0.048,0.06,6.3604
CMP-022,CUST-0617,2025-05-30,Paid Search,Conversion,Central,24,18-24,Female,268.33,Medium,3935.91,30,89888,4781,261,34731.84,0.0532,0.0546,7.8243
CMP-010,CUST-0618,2025-01-18,Social Media,Consideration,North,39,35-44,Female,78.45,Low,1092.16,7,58390,1328,71,4664.16,0.0227,0.0535,3.2706
CMP-026,CUST-0619,2025-05-20,Email,Awareness,West,27,25-34,Female,335.28,Medium,4335.18,14,249627,11394,605,57583.6,0.0456,0.0531,12.2829
CMP-016,CUST-0620,2025-01-26,Email,Conversion,Central,37,35-44,Female,224.55,Medium,2740.88,30,132707,7402,610,40408.09,0.0558,0.0824,13.7427
CMP-002,CUST-0621,2025-06-18,Social Media,Awareness,West,43,35-44,Male,256.19,Medium,2505.73,30,128660,4170,153,27638.81,0.0324,0.0367,10.0302
CMP-011,CUST-0622,2025-05-12,Social Media,Conversion,Central,39,35-44,Male,462.49,Medium,1196.31,7,31311,1463,100,11821.95,0.0467,0.0684,8.882
CMP-020,CUST-0623,2025-05-28,Influencer,Awareness,West,25,25-34,Male,162.24,Low,4110.68,30,128040,3758,140,22328.45,0.0294,0.0373,4.4318
CMP-026,CUST-0624,2025-06-23,Email,Awareness,South,35,35-44,Male,435.56,Medium,1919.75,21,66069,3934,217,36419.39,0.0595,0.0552,17.9709
CMP-027,CUST-0625,2025-04-06,Influencer,Awareness,East,50,45-54,Female,73.59,Low,3411.78,30,55189,1767,51,5954.13,0.032,0.0289,0.7452
CMP-036,CUST-0626,2025-04-22,Email,Consideration,West,30,25-34,Male,595.93,High,4272.06,30,130347,5033,358,44479.7,0.0386,0.0711,9.4118
CMP-027,CUST-0627,2025-06-14,Paid Search,Conversion,East,41,35-44,Male,382.0,Medium,2756.45,30,176536,12181,1248,127758.82,0.069,0.1025,45.349
CMP-009,CUST-0628,2025-05-13,Display Ads,Consideration,West,44,35-44,Female,484.06,Medium,839.43,14,21039,251,11,591.0,0.0119,0.0438,-0.296
CMP-017,CUST-0629,2025-05-13,Social Media,Consideration,South,38,35-44,Male,172.08,Low,2775.23,30,80253,2523,150,10014.76,0.0314,0.0595,2.6086
CMP-017,CUST-0630,2025-02-05,Paid Search,Awareness,West,33,25-34,Male,187.37,Low,3003.37,10,200090,12465,733,109969.96,0.0623,0.0588,35.6155
CMP-003,CUST-0631,2025-05-22,Social Media,Awareness,West,21,18-24,Female,380.03,Medium,4941.01,21,121338,3202,89,9294.74,0.0264,0.0278,0.8811
CMP-020,CUST-0632,2025-02-20,Display Ads,Conversion,South,37,35-44,Male,214.18,Medium,3299.47,30,92408,1399,58,7050.99,0.0151,0.0415,1.137
CMP-009,CUST-0633,2025-04-05,Social Media,Consideration,South,38,35-44,Male,67.33,Low,1289.18,14,38871,1334,62,8511.36,0.0343,0.0465,5.6022
CMP-035,CUST-0634,2025-01-15,Paid Search,Conversion,North,39,35-44,Female,184.21,Low,2477.0,10,84184,3855,397,72185.19,0.0458,0.103,28.1422
CMP-005,CUST-0635,2025-02-26,Email,Conversion,South,18,18-24,Female,283.48,Medium,3808.7,21,261396,11897,689,84332.36,0.0455,0.0579,21.142
CMP-035,CUST-0636,2025-02-22,Social Media,Awareness,West,29,25-34,Female,1058.51,VIP,4430.91,10,161250,3638,166,9478.27,0.0226,0.0456,1.1391
CMP-003,CUST-0637,2025-03-11,Influencer,Conversion,West,36,35-44,Male,232.25,Medium,3202.96,14,104514,2578,143,25244.53,0.0247,0.0555,6.8816
CMP-025,CUST-0638,2025-06-19,Social Media,Awareness,South,22,18-24,Male,79.34,Low,501.83,14,28194,1102,43,5796.43,0.0391,0.039,10.5506
CMP-017,CUST-0639,2025-04-20,Display Ads,Retargeting,North,22,18-24,Female,190.75,Low,4265.87,7,156496,3164,223,17249.6,0.0202,0.0705,3.0436
CMP-034,CUST-0640,2025-01-04,Social Media,Conversion,West,33,25-34,Female,191.47,Low,4228.01,14,200883,3213,218,23710.76,0.016,0.0678,4.608
CMP-018,CUST-0641,2025-03-09,Social Media,Retargeting,Central,43,35-44,Male,403.31,Medium,2502.47,10,40316,1308,76,7854.42,0.0324,0.0581,2.1387
CMP-027,CUST-0642,2025-04-23,Email,Conversion,East,45,45-54,Male,351.27,Medium,1601.33,10,81310,3044,236,19816.22,0.0374,0.0775,11.3749
CMP-003,CUST-0643,2025-01-16,Email,Retargeting,West,31,25-34,Male,125.79,Low,5080.12,14,125319,5464,634,68772.7,0.0436,0.116,12.5376
CMP-007,CUST-0644,2025-06-24,Email,Consideration,Central,40,35-44,Male,612.6,High,696.26,21,25585,1231,54,7559.37,0.0481,0.0439,9.8571
CMP-019,CUST-0645,2025-01-28,Paid Search,Awareness,North,32,25-34,Male,186.13,Low,1375.68,30,56141,3273,207,28641.86,0.0583,0.0632,19.8201
CMP-010,CUST-0646,2025-05-25,Social Media,Conversion,North,60,55+,Other,405.19,Medium,5189.39,30,244121,6606,441,30118.26,0.0271,0.0668,4.8038
CMP-034,CUST-0647,2025-04-03,Social Media,Consideration,Central,31,25-34,Female,582.11,High,2560.73,10,105824,3923,175,23123.48,0.0371,0.0446,8.03
CMP-023,CUST-0648,2025-04-18,Paid Search,Awareness,East,25,25-34,Female,203.11,Medium,3111.31,10,167407,6561,399,54863.75,0.0392,0.0608,16.6336
CMP-009,CUST-0649,2025-02-07,Paid Search,Conversion,East,32,25-34,Female,129.35,Low,2746.87,30,158615,8936,781,76421.24,0.0563,0.0874,26.8212
CMP-036,CUST-0650,2025-06-26,Paid Search,Consideration,North,36,35-44,Female,197.65,Low,5151.18,10,170918,9254,842,154817.56,0.0541,0.091,29.0548
CMP-036,CUST-0651,2025-06-07,Social Media,Consideration,East,52,45-54,Male,218.53,Medium,5171.55,7,116013,2663,131,15282.06,0.023,0.0492,1.955
CMP-028,CUST-0652,2025-05-11,Social Media,Retargeting,South,32,25-34,Male,204.26,Medium,1088.44,7,21600,448,39,3813.57,0.0207,0.0871,2.5037
CMP-018,CUST-0653,2025-05-15,Influencer,Awareness,East,30,25-34,Male,455.72,Medium,2814.91,30,130498,3271,138,18650.41,0.0251,0.0422,5.6256
CMP-018,CUST-0654,2025-05-05,Paid Search,Retargeting,North,30,25-34,Female,139.83,Low,1434.62,21,51603,2974,292,34035.21,0.0576,0.0982,22.7242
CMP-018,CUST-0655,2025-05-19,Email,Awareness,Central,34,25-34,Male,1017.97,VIP,4225.11,30,101860,4346,144,9646.03,0.0427,0.0331,1.283
CMP-029,CUST-0656,2025-01-31,Paid Search,Conversion,East,49,45-54,Male,1246.06,VIP,4661.07,21,184109,7926,549,50233.33,0.0431,0.0693,9.7772
CMP-015,CUST-0657,2025-06-22,Paid Search,Consideration,Central,27,25-34,Male,470.9,Medium,3778.03,7,165296,10382,629,98552.52,0.0628,0.0606,25.0857
CMP-036,CUST-0658,2025-05-31,Paid Search,Conversion,North,48,45-54,Female,121.52,Low,4579.76,21,136487,6408,504,61444.28,0.0469,0.0787,12.4165
CMP-009,CUST-0659,2025-01-18,Email,Conversion,Central,45,45-54,Female,186.76,Low,3055.03,21,81962,2632,154,13741.37,0.0321,0.0585,3.4979
CMP-023,CUST-0660,2025-06-21,Social Media,Retargeting,South,49,45-54,Male,224.27,Medium,2727.58,21,122480,2772,184,17296.66,0.0226,0.0664,5.3414
CMP-016,CUST-0661,2025-04-12,Paid Search,Awareness,West,49,45-54,Female,167.15,Low,4102.36,10,209181,9923,436,48488.27,0.0474,0.0439,10.8196
CMP-033,CUST-0662,2025-03-23,Email,Conversion,West,51,45-54,Female,421.89,Medium,2248.19,21,87807,4508,384,34561.39,0.0513,0.0852,14.373
CMP-003,CUST-0663,2025-01-29,Social Media,Consideration,Central,43,35-44,Male,133.23,Low,3312.14,30,80360,2077,130,6957.21,0.0258,0.0626,1.1005
CMP-022,CUST-0664,2025-05-18,Influencer,Conversion,Central,37,35-44,Female,134.86,Low,5128.3,10,232216,5962,403,37572.36,0.0257,0.0676,6.3265
CMP-027,CUST-0665,2025-01-27,Email,Conversion,North,36,35-44,Male,430.81,Medium,2280.0,30,84754,3851,314,26485.51,0.0454,0.0815,10.6165
CMP-018,CUST-0666,2025-03-11,Display Ads,Conversion,West,30,25-34,Male,534.44,High,721.16,7,23271,315,21,934.06,0.0135,0.0667,0.2952
CMP-010,CUST-0667,2025-03-24,Email,Retargeting,West,39,35-44,Female,395.38,Medium,2834.92,21,57980,3344,282,25212.56,0.0577,0.0843,7.8936
CMP-019,CUST-0668,2025-05-17,Social Media,Consideration,West,22,18-24,Male,289.23,Medium,1536.38,30,30032,870,39,3426.02,0.029,0.0448,1.2299
CMP-015,CUST-0669,2025-03-21,Paid Search,Awareness,South,22,18-24,Female,1095.53,VIP,1047.29,14,47073,2647,110,7429.94,0.0562,0.0416,6.0944
CMP-006,CUST-0670,2025-01-16,Email,Retargeting,West,18,18-24,Male,311.56,Medium,1572.32,21,51579,2177,145,11822.94,0.0422,0.0666,6.5194
CMP-001,CUST-0671,2025-06-16,Social Media,Awareness,Central,37,35-44,Female,407.75,Medium,1910.91,10,89202,2096,95,18708.42,0.0235,0.0453,8.7903
CMP-001,CUST-0672,2025-04-19,Email,Conversion,South,41,35-44,Female,224.97,Medium,1178.0,21,66022,4219,376,49312.31,0.0639,0.0891,40.861
CMP-028,CUST-0673,2025-06-16,Influencer,Conversion,East,18,18-24,Female,279.58,Medium,1036.36,10,33215,794,53,6883.66,0.0239,0.0668,5.6422
CMP-030,CUST-0674,2025-03-23,Email,Consideration,South,42,35-44,Female,176.44,Low,1219.25,21,59989,3507,161,24783.72,0.0585,0.0459,19.327
CMP-030,CUST-0675,2025-02-27,Social Media,Awareness,West,30,25-34,Male,316.25,Medium,3399.79,14,171652,5241,271,40318.15,0.0305,0.0517,10.859
CMP-026,CUST-0676,2025-03-13,Influencer,Retargeting,South,39,35-44,Male,103.72,Low,1625.25,10,37624,996,76,12423.69,0.0265,0.0763,6.6442
CMP-018,CUST-0677,2025-03-01,Influencer,Conversion,Central,27,25-34,Female,30.43,Low,792.99,10,31707,620,31,4636.9,0.0196,0.05,4.8474
CMP-004,CUST-0678,2025-01-31,Email,Conversion,West,29,25-34,Male,287.23,Medium,3066.7,10,110889,4149,357,28683.77,0.0374,0.086,8.3533
CMP-014,CUST-0679,2025-05-06,Influencer,Conversion,East,28,25-34,Male,195.65,Low,3674.03,14,133125,1967,141,6360.7,0.0148,0.0717,0.7313
CMP-023,CUST-0680,2025-04-06,Paid Search,Awareness,Central,51,45-54,Female,318.98,Medium,4875.98,10,304743,10343,367,29053.76,0.0339,0.0355,4.9585
CMP-024,CUST-0681,2025-05-03,Influencer,Retargeting,North,31,25-34,Female,377.59,Medium,563.0,21,21535,519,46,7426.71,0.0241,0.0886,12.1913
CMP-031,CUST-0682,2025-02-09,Display Ads,Retargeting,Central,35,35-44,Female,326.57,Medium,4573.93,10,83296,1177,81,4752.49,0.0141,0.0688,0.039
CMP-007,CUST-0683,2025-06-22,Display Ads,Consideration,South,23,18-24,Female,195.63,Low,4704.02,14,109963,1158,44,3830.18,0.0105,0.038,-0.1858
CMP-004,CUST-0684,2025-01-12,Email,Conversion,Central,39,35-44,Female,616.4,High,3301.37,14,163857,8395,673,117571.42,0.0512,0.0802,34.6129
CMP-036,CUST-0685,2025-01-23,Social Media,Consideration,Central,36,35-44,Male,178.49,Low,4802.35,7,106230,3127,146,20861.92,0.0294,0.0467,3.3441
CMP-016,CUST-0686,2025-04-08,Social Media,Conversion,South,33,25-34,Female,492.62,Medium,1213.32,14,27588,564,34,2215.24,0.0204,0.0603,0.8258
CMP-019,CUST-0687,2025-06-14,Social Media,Consideration,North,19,18-24,Female,196.7,Low,2530.91,30,123002,4008,155,22424.02,0.0326,0.0387,7.8601
CMP-014,CUST-0688,2025-03-10,Influencer,Consideration,East,38,35-44,Male,286.98,Medium,2839.37,7,63184,2099,110,20512.28,0.0332,0.0524,6.2242
CMP-031,CUST-0689,2025-03-24,Email,Retargeting,East,19,18-24,Male,334.11,Medium,3402.94,7,165750,6520,553,45992.81,0.0393,0.0848,12.5156
CMP-023,CUST-0690,2025-06-01,Social Media,Consideration,South,34,25-34,Male,347.58,Medium,3718.32,30,174194,4255,201,26325.94,0.0244,0.0472,6.0801
CMP-026,CUST-0691,2025-04-18,Social Media,Conversion,South,35,35-44,Male,392.45,Medium,4104.25,21,221476,3746,203,25578.28,0.0169,0.0542,5.2321
CMP-022,CUST-0692,2025-04-28,Display Ads,Awareness,North,27,25-34,Male,133.37,Low,1151.91,21,14870,300,12,948.69,0.0202,0.04,-0.1764
CMP-014,CUST-0693,2025-05-03,Social Media,Conversion,South,25,25-34,Female,977.5,VIP,2021.85,10,80250,1566,121,18667.69,0.0195,0.0773,8.233
CMP-016,CUST-0694,2025-03-25,Display Ads,Awareness,South,23,18-24,Female,255.2,Medium,4325.99,14,155377,3421,83,4217.54,0.022,0.0243,-0.0251
CMP-002,CUST-0695,2025-06-06,Email,Retargeting,South,27,25-34,Male,140.04,Low,3995.67,30,257227,13275,985,64143.57,0.0516,0.0742,15.0533
CMP-022,CUST-0696,2025-01-09,Social Media,Awareness,South,31,25-34,Male,257.44,Medium,4998.79,14,155015,6013,266,38466.42,0.0388,0.0442,6.6951
CMP-007,CUST-0697,2025-06-25,Paid Search,Consideration,North,37,35-44,Male,186.01,Low,406.2,21,23280,1329,96,5610.8,0.0571,0.0722,12.8129
CMP-008,CUST-0698,2025-05-17,Paid Search,Conversion,West,18,18-24,Male,142.27,Low,891.61,14,27326,1413,122,18183.94,0.0517,0.0863,19.3945
CMP-030,CUST-0699,2025-06-03,Social Media,Consideration,North,43,35-44,Female,142.2,Low,1573.79,14,46680,1757,125,16313.71,0.0376,0.0711,9.3659
CMP-002,CUST-0700,2025-04-12,Social Media,Consideration,North,25,25-34,Female,585.16,High,1199.88,10,41206,1164,59,6058.97,0.0282,0.0507,4.0496
CMP-030,CUST-0701,2025-01-10,Paid Search,Consideration,Central,31,25-34,Female,419.02,Medium,3305.36,10,210774,10668,537,56413.87,0.0506,0.0503,16.0674
CMP-020,CUST-0702,2025-04-21,Social Media,Awareness,East,30,25-34,Female,930.82,VIP,4199.18,7,203233,4183,216,23396.34,0.0206,0.0516,4.5716
CMP-004,CUST-0703,2025-05-09,Social Media,Retargeting,West,31,25-34,Female,93.94,Low,3282.42,7,189473,8076,632,58196.76,0.0426,0.0783,16.7298
CMP-009,CUST-0704,2025-02-26,Social Media,Consideration,East,40,35-44,Male,353.26,Medium,3315.22,7,162599,5671,363,40839.27,0.0349,0.064,11.3187
CMP-031,CUST-0705,2025-05-08,Influencer,Awareness,East,25,25-34,Female,298.74,Medium,2931.37,10,65650,2249,96,11833.53,0.0343,0.0427,3.0369
CMP-032,CUST-0706,2025-03-22,Paid Search,Consideration,South,33,25-34,Female,311.87,Medium,3621.33,21,92484,3509,194,16538.51,0.0379,0.0553,3.567
CMP-016,CUST-0707,2025-02-25,Social Media,Retargeting,West,18,18-24,Female,447.52,Medium,5161.83,10,187484,4397,261,35922.87,0.0235,0.0594,5.9593
CMP-027,CUST-0708,2025-06-20,Social Media,Awareness,Central,30,25-34,Male,1620.22,VIP,2786.18,14,99383,4360,160,21614.38,0.0439,0.0367,6.7577
CMP-012,CUST-0709,2025-06-12,Paid Search,Awareness,Central,18,18-24,Female,200.3,Medium,3351.55,7,103498,2754,130,15047.1,0.0266,0.0472,3.4896
CMP-031,CUST-0710,2025-05-22,Paid Search,Conversion,North,32,25-34,Male,602.16,High,4537.68,30,252262,7139,656,98125.78,0.0283,0.0919,20.6247
CMP-019,CUST-0711,2025-03-03,Email,Awareness,Central,25,25-34,Male,74.02,Low,5068.11,10,187768,8786,400,33097.95,0.0468,0.0455,5.5306
CMP-001,CUST-0712,2025-01-19,Display Ads,Conversion,West,58,55+,Male,170.85,Low,4994.24,21,210356,1462,79,11059.19,0.007,0.054,1.2144
CMP-004,CUST-0713,2025-06-16,Social Media,Consideration,North,22,18-24,Male,390.46,Medium,2428.65,21,50264,2033,90,12915.28,0.0404,0.0443,4.3179
CMP-011,CUST-0714,2025-01-25,Social Media,Retargeting,South,50,45-54,Female,174.48,Low,3463.87,14,86275,2198,142,12286.11,0.0255,0.0646,2.5469
CMP-029,CUST-0715,2025-02-07,Social Media,Consideration,East,20,18-24,Male,375.52,Medium,1748.89,30,45836,1286,63,4902.65,0.0281,0.049,1.8033
CMP-029,CUST-0716,2025-06-13,Paid Search,Awareness,South,39,35-44,Female,827.0,High,485.82,10,14923,889,45,3991.08,0.0596,0.0506,7.2151
CMP-034,CUST-0717,2025-05-09,Social Media,Retargeting,South,49,45-54,Male,258.59,Medium,2888.19,14,111876,3384,237,42405.81,0.0302,0.07,13.6825
CMP-025,CUST-0718,2025-06-05,Email,Conversion,East,35,35-44,Female,581.37,High,3502.48,7,127020,6560,755,139048.49,0.0516,0.1151,38.7
CMP-015,CUST-0719,2025-01-18,Display Ads,Consideration,North,29,25-34,Female,72.35,Low,3033.43,14,102152,1623,92,14845.47,0.0159,0.0567,3.894
CMP-016,CUST-0720,2025-06-26,Social Media,Conversion,South,28,25-34,Female,196.31,Low,1210.54,21,63125,1421,89,11872.83,0.0225,0.0626,8.8079
